id,이름,성별,나이,거주동,직업,학력,가구형태,주요관심이슈,지지후보,지지강도,투표의향,정치성향,과거투표정당,말투특성
1,서현주,여,52,덕천1동,은행원,전문대졸,빌라/연립,안보,미정,1,아마도,진보,민주당,감정적
2,장나영,여,21,구포1동,편의점운영,대졸,아파트,교육,하정우,4,반드시,진보,없음(첫투표),소극적
3,오혜진,여,22,구포2동,편의점운영,전문대졸,빌라/연립,교육,미정,1,모름,보수,국민의힘,무관심
4,신지영,여,39,덕천3동,간호사,고졸,아파트,부동산,미정,2,아마도,진보,민주당,논리적
5,강태호,남,29,구포1동,식당주인,대졸,빌라/연립,일자리,하정우,5,반드시,진보,민주당,소극적
6,박채원,여,50,만덕2동,일용직,대졸,아파트,부동산,미정,2,안할것,중도,민주당,적극적
7,강수연,여,25,만덕3동,배달기사,대졸,아파트,교육,박민식,4,모름,보수,국민의힘,감정적
8,조재원,남,49,구포2동,자영업자,대졸,아파트,부동산,하정우,4,반드시,진보,민주당,적극적
9,송건우,남,33,만덕3동,식당주인,대학원졸,아파트,일자리,한동훈,4,반드시,중도,민주당,논리적
10,김우진,남,39,덕천3동,주부,고졸,아파트,교육,한동훈,5,아마도,중도,국민의힘,감정적
11,임계순,여,63,만덕2동,배달기사,고졸,단독주택,부동산,한동훈,3,아마도,보수,국민의힘,적극적
12,장덕수,남,83,구포3동,무직,고졸,단독주택,복지,박민식,4,반드시,보수,국민의힘,무관심
13,강우진,남,24,구포3동,자영업자,대졸,아파트,일자리,미정,1,아마도,보수,국민의힘,논리적
14,신서연,여,32,만덕3동,청소원,대졸,단독주택,부동산,박민식,4,반드시,보수,국민의힘,논리적
15,이계순,여,55,만덕2동,식당주인,전문대졸,빌라/연립,일자리,한동훈,4,아마도,중도,없음(첫투표),감정적
16,김지훈,남,21,덕천1동,공무원,대학원졸,아파트,복지,박민식,5,반드시,보수,기타,무관심
17,류하은,여,35,구포3동,일용직,대학원졸,단독주택,교육,박민식,4,아마도,보수,국민의힘,소극적
18,이복순,여,69,구포1동,식당주인,고졸,아파트,안보,한동훈,5,아마도,보수,국민의힘,적극적
19,류귀순,여,62,구포3동,일용직,고졸,빌라/연립,안보,하정우,5,반드시,보수,없음(첫투표),소극적
20,오나영,여,36,구포2동,일용직,대졸,아파트,일자리,박민식,4,반드시,중도,기타,적극적
21,정계순,여,57,구포3동,건설노동자,대졸,아파트,부동산,하정우,4,반드시,진보,기타,소극적
22,신하은,여,54,구포3동,배달기사,대졸,아파트,안보,하정우,5,반드시,중도,기타,적극적
23,조진수,남,32,만덕3동,무직,고졸,빌라/연립,부동산,한동훈,3,반드시,보수,개혁신당,적극적
24,이수연,여,50,구포2동,택시기사,전문대졸,빌라/연립,교육,박민식,5,반드시,보수,국민의힘,소극적
25,박옥순,여,65,구포3동,식당주인,대졸,단독주택,안보,하정우,5,아마도,중도,없음(첫투표),논리적
26,황수아,여,50,구포2동,건설노동자,전문대졸,빌라/연립,교육,한동훈,4,반드시,보수,민주당,감정적
27,오말순,여,87,구포3동,식당주인,중졸,단독주택,부동산,박민식,4,반드시,보수,국민의힘,감정적
28,전분자,여,61,구포3동,배달기사,중졸,단독주택,복지,미정,2,반드시,진보,기타,무관심
29,류경순,여,73,구포3동,일용직,고졸,아파트,부동산,한동훈,4,반드시,보수,국민의힘,감정적
30,윤은혜,여,53,덕천1동,공무원,고졸,아파트,부동산,박민식,4,아마도,중도,없음(첫투표),소극적
31,안판수,남,72,덕천3동,회사원,고졸,아파트,일자리,미정,2,아마도,보수,국민의힘,소극적
32,신재호,남,63,구포2동,편의점운영,전문대졸,빌라/연립,일자리,하정우,5,반드시,진보,민주당,적극적
33,권기태,남,69,구포2동,상인,고졸,단독주택,안보,한동훈,4,반드시,보수,국민의힘,논리적
34,정봉희,여,66,덕천3동,엔지니어,전문대졸,아파트,안보,하정우,5,아마도,진보,민주당,논리적
35,류태식,남,78,구포1동,청소원,고졸,빌라/연립,부동산,하정우,3,아마도,진보,민주당,감정적
36,윤귀순,여,74,덕천1동,관리직,중졸,아파트,부동산,하정우,5,아마도,중도,국민의힘,소극적
37,박은지,여,54,만덕2동,자영업자,고졸,단독주택,복지,박민식,5,반드시,보수,국민의힘,감정적
38,최덕수,남,60,구포1동,배달기사,대졸,빌라/연립,일자리,박민식,3,아마도,중도,개혁신당,무관심
39,최수진,여,38,구포2동,일용직,고졸,빌라/연립,일자리,한동훈,4,모름,중도,기타,논리적
40,안수아,여,53,구포3동,택시기사,대졸,원룸/고시원,교육,하정우,5,반드시,중도,국민의힘,적극적
41,최현주,여,52,덕천1동,공무원,고졸,단독주택,부동산,하정우,4,모름,중도,기타,감정적
42,안태식,남,60,만덕2동,청소원,전문대졸,빌라/연립,부동산,박민식,5,반드시,보수,국민의힘,소극적
43,박계순,여,58,구포1동,건설노동자,대졸,아파트,안보,박민식,5,아마도,중도,민주당,무관심
44,정준호,남,24,만덕3동,택시기사,대졸,단독주택,교육,하정우,5,아마도,진보,민주당,논리적
45,윤광수,남,74,덕천3동,교사,중졸,빌라/연립,부동산,한동훈,4,반드시,중도,국민의힘,감정적
46,조서연,여,54,구포3동,건설노동자,대졸,아파트,복지,하정우,5,반드시,진보,민주당,적극적
47,임성민,남,50,구포1동,일용직,고졸,빌라/연립,일자리,한동훈,4,반드시,중도,국민의힘,감정적
48,서귀순,여,69,만덕2동,일용직,대졸,아파트,복지,하정우,5,반드시,진보,민주당,적극적
49,박명수,남,68,구포1동,편의점운영,고졸,아파트,복지,하정우,3,아마도,진보,기타,적극적
50,김지수,여,20,덕천2동,교사,대학원졸,단독주택,교육,하정우,3,반드시,중도,없음(첫투표),적극적
51,김덕수,남,69,구포2동,배달기사,중졸,단독주택,복지,미정,1,반드시,중도,민주당,감정적
52,신갑순,여,63,덕천2동,교사,전문대졸,아파트,부동산,하정우,3,아마도,중도,민주당,적극적
53,장시우,남,44,만덕2동,일용직,전문대졸,단독주택,교육,한동훈,3,아마도,보수,국민의힘,논리적
54,신명수,남,55,구포3동,상인,대졸,빌라/연립,부동산,하정우,5,반드시,보수,없음(첫투표),논리적
55,오수진,여,23,만덕2동,가사도우미,대학원졸,단독주택,교육,한동훈,3,반드시,중도,개혁신당,논리적
56,장판수,남,61,만덕2동,청소원,고졸,빌라/연립,부동산,한동훈,4,아마도,보수,기타,적극적
57,박지수,여,25,만덕2동,가사도우미,대졸,빌라/연립,교육,박민식,3,반드시,보수,국민의힘,논리적
58,류영자,여,66,만덕3동,자영업자,고졸,단독주택,복지,박민식,3,반드시,보수,국민의힘,소극적
59,류계순,여,69,구포3동,편의점운영,대졸,빌라/연립,복지,박민식,5,반드시,보수,국민의힘,소극적
60,송옥순,여,60,만덕2동,자영업자,고졸,단독주택,복지,미정,1,아마도,보수,기타,감정적
61,한정호,남,59,덕천2동,은행원,고졸,빌라/연립,부동산,박민식,3,아마도,중도,민주당,적극적
62,서성진,남,54,구포1동,건설노동자,전문대졸,원룸/고시원,복지,박민식,5,아마도,보수,국민의힘,적극적
63,신대현,남,32,덕천1동,교사,대졸,아파트,교육,미정,1,안할것,진보,민주당,무관심
64,장하은,여,47,구포2동,상인,고졸,원룸/고시원,부동산,하정우,4,반드시,보수,국민의힘,논리적
65,조복순,여,86,구포3동,택시기사,고졸,빌라/연립,안보,미정,2,반드시,중도,개혁신당,감정적
66,서준호,남,19,구포1동,배달기사,대졸,빌라/연립,일자리,박민식,5,반드시,중도,기타,소극적
67,신영호,남,87,덕천1동,교사,고졸,아파트,복지,한동훈,4,아마도,보수,기타,감정적
68,오미숙,여,78,만덕2동,생산직,고졸,단독주택,복지,하정우,3,반드시,중도,민주당,감정적
69,최지혜,여,24,만덕3동,배달기사,고졸,빌라/연립,부동산,미정,2,아마도,보수,국민의힘,무관심
70,윤성민,남,29,구포1동,청소원,대졸,아파트,일자리,한동훈,3,반드시,보수,민주당,논리적
71,서미진,여,26,구포2동,무직,대졸,빌라/연립,교육,박민식,5,아마도,중도,기타,논리적
72,최길동,남,58,덕천2동,전문직,대졸,아파트,교육,박민식,3,반드시,보수,국민의힘,무관심
73,서금순,여,79,만덕2동,배달기사,고졸,단독주택,안보,박민식,4,반드시,보수,기타,감정적
74,임유진,여,20,만덕3동,생산직,고졸,빌라/연립,일자리,박민식,3,아마도,보수,국민의힘,소극적
75,정시우,남,53,만덕3동,무직,대졸,빌라/연립,교육,한동훈,4,반드시,중도,개혁신당,논리적
76,강순희,여,59,만덕2동,식당주인,고졸,빌라/연립,복지,하정우,5,아마도,진보,정의당,논리적
77,조예준,남,44,만덕3동,생산직,대졸,아파트,복지,미정,2,아마도,진보,민주당,소극적
78,권수연,여,44,구포2동,편의점운영,고졸,아파트,일자리,한동훈,5,반드시,중도,없음(첫투표),적극적
79,한계순,여,64,만덕3동,생산직,고졸,단독주택,부동산,한동훈,5,모름,중도,민주당,적극적
80,권채원,여,54,구포3동,자영업자,전문대졸,단독주택,부동산,하정우,5,반드시,진보,민주당,감정적
81,윤귀순,여,73,구포1동,자영업자,전문대졸,아파트,복지,박민식,5,아마도,보수,국민의힘,감정적
82,임말례,여,77,구포1동,배달기사,중졸,빌라/연립,복지,하정우,5,반드시,진보,기타,소극적
83,조지훈,남,25,구포2동,일용직,대졸,빌라/연립,교육,미정,1,모름,진보,민주당,감정적
84,류서윤,여,39,구포2동,자영업자,대졸,아파트,교육,한동훈,3,아마도,중도,없음(첫투표),적극적
85,강유진,여,22,덕천3동,회사원,대졸,아파트,부동산,미정,2,모름,중도,민주당,소극적
86,강미진,여,51,만덕3동,일용직,고졸,단독주택,일자리,미정,2,모름,진보,민주당,감정적
87,박우진,남,35,구포3동,배달기사,대졸,아파트,부동산,박민식,5,반드시,보수,국민의힘,무관심
88,박영철,남,68,구포2동,청소원,전문대졸,빌라/연립,부동산,하정우,4,반드시,진보,조국혁신당,감정적
89,서순희,여,78,만덕3동,택시기사,중졸,단독주택,복지,하정우,4,아마도,진보,민주당,소극적
90,윤만수,남,64,덕천3동,간호사,중졸,아파트,복지,한동훈,4,모름,중도,기타,소극적
91,윤명수,남,63,덕천1동,엔지니어,중졸,빌라/연립,일자리,미정,1,아마도,보수,국민의힘,감정적
92,박옥순,여,65,구포2동,편의점운영,대졸,단독주택,안보,미정,2,아마도,중도,기타,소극적
93,전수진,여,40,구포1동,편의점운영,전문대졸,단독주택,교육,하정우,4,아마도,진보,민주당,논리적
94,장서연,여,47,만덕3동,청소원,대졸,아파트,일자리,박민식,4,반드시,보수,국민의힘,논리적
95,최우진,남,26,구포3동,식당주인,대졸,빌라/연립,일자리,한동훈,5,아마도,보수,국민의힘,논리적
96,윤나영,여,44,만덕3동,배달기사,대졸,아파트,부동산,박민식,3,모름,보수,민주당,감정적
97,권영호,남,62,덕천1동,주부,전문대졸,아파트,안보,한동훈,4,반드시,보수,국민의힘,소극적
98,권재원,남,51,구포2동,자영업자,고졸,단독주택,교육,박민식,5,아마도,보수,국민의힘,감정적
99,권하은,여,49,만덕2동,청소원,전문대졸,빌라/연립,일자리,하정우,5,반드시,보수,국민의힘,무관심
100,김경순,여,69,덕천1동,전문직,중졸,빌라/연립,복지,하정우,5,반드시,중도,개혁신당,적극적
101,김유진,여,45,구포3동,편의점운영,대학원졸,빌라/연립,안보,하정우,4,아마도,보수,국민의힘,논리적
102,조지훈,남,54,만덕2동,배달기사,고졸,빌라/연립,교육,하정우,4,반드시,진보,기타,소극적
103,오봉희,여,73,구포3동,식당주인,중졸,빌라/연립,일자리,박민식,4,아마도,진보,민주당,무관심
104,박춘자,여,56,구포3동,건설노동자,중졸,단독주택,일자리,박민식,4,아마도,보수,없음(첫투표),감정적
105,황종수,남,65,덕천3동,엔지니어,대졸,아파트,일자리,박민식,3,반드시,보수,국민의힘,감정적
106,한지수,여,35,구포2동,무직,대졸,단독주택,일자리,박민식,4,반드시,중도,민주당,논리적
107,조갑순,여,68,덕천3동,교사,고졸,단독주택,부동산,한동훈,3,반드시,보수,개혁신당,논리적
108,서정호,남,67,만덕3동,가사도우미,대졸,빌라/연립,부동산,미정,1,아마도,진보,민주당,무관심
109,신은혜,여,37,덕천3동,주부,대졸,단독주택,부동산,한동훈,3,아마도,중도,민주당,감정적
110,서혜진,여,36,만덕3동,무직,전문대졸,빌라/연립,교육,한동훈,5,반드시,중도,민주당,논리적
111,박학수,남,74,만덕2동,생산직,고졸,빌라/연립,안보,박민식,4,반드시,보수,개혁신당,감정적
112,송진수,남,20,덕천1동,엔지니어,대졸,아파트,교육,한동훈,5,반드시,중도,국민의힘,적극적
113,조지혜,여,24,만덕2동,생산직,전문대졸,빌라/연립,부동산,박민식,4,아마도,보수,국민의힘,소극적
114,강만수,남,83,구포1동,무직,중졸,빌라/연립,부동산,한동훈,5,반드시,보수,개혁신당,소극적
115,박지안,여,38,덕천1동,간호사,대졸,아파트,교육,박민식,5,모름,보수,개혁신당,소극적
116,송광수,남,64,만덕2동,식당주인,대졸,단독주택,일자리,박민식,4,반드시,중도,국민의힘,논리적
117,조주원,남,53,구포3동,상인,전문대졸,빌라/연립,복지,미정,1,모름,중도,민주당,적극적
118,류종수,남,86,구포2동,편의점운영,고졸,아파트,복지,박민식,5,반드시,보수,국민의힘,감정적
119,임수연,여,26,구포3동,식당주인,고졸,아파트,부동산,하정우,3,아마도,보수,국민의힘,논리적
120,이학수,남,82,만덕2동,택시기사,고졸,빌라/연립,복지,박민식,3,아마도,중도,민주당,감정적
121,전학수,남,58,구포2동,무직,전문대졸,빌라/연립,부동산,박민식,5,반드시,보수,개혁신당,적극적
122,류예준,남,53,만덕2동,경비원,대졸,단독주택,일자리,미정,2,모름,중도,민주당,감정적
123,류영자,여,79,구포1동,일용직,중졸,단독주택,복지,한동훈,3,반드시,중도,기타,소극적
124,최분례,여,63,구포3동,택시기사,고졸,단독주택,부동산,한동훈,4,모름,보수,국민의힘,적극적
125,박봉수,남,58,구포2동,청소원,전문대졸,아파트,부동산,한동훈,5,반드시,보수,국민의힘,적극적
126,오지수,여,49,구포2동,건설노동자,전문대졸,아파트,복지,하정우,4,아마도,진보,기타,무관심
127,강경순,여,66,덕천3동,은행원,고졸,아파트,일자리,한동훈,3,반드시,중도,국민의힘,소극적
128,장정호,남,87,덕천1동,관리직,중졸,아파트,복지,하정우,4,아마도,중도,기타,무관심
129,류하은,여,40,만덕2동,배달기사,대학원졸,단독주택,교육,한동훈,4,반드시,보수,국민의힘,적극적
130,오분자,여,84,구포2동,식당주인,중졸,단독주택,복지,한동훈,4,반드시,중도,국민의힘,무관심
131,황분자,여,77,구포3동,무직,고졸,아파트,일자리,미정,1,아마도,중도,없음(첫투표),감정적
132,최채원,여,22,만덕3동,배달기사,대학원졸,단독주택,일자리,박민식,4,아마도,보수,국민의힘,논리적
133,강순자,여,55,덕천2동,간호사,대졸,아파트,부동산,하정우,4,반드시,진보,민주당,감정적
134,윤정숙,여,80,덕천1동,공무원,중졸,단독주택,안보,미정,1,반드시,중도,민주당,무관심
135,장현우,남,30,구포3동,건설노동자,대학원졸,빌라/연립,일자리,한동훈,5,반드시,중도,기타,논리적
136,정복순,여,60,덕천3동,엔지니어,중졸,빌라/연립,복지,하정우,5,반드시,보수,국민의힘,무관심
137,임현우,남,50,만덕2동,가사도우미,고졸,단독주택,부동산,한동훈,3,반드시,진보,없음(첫투표),감정적
138,송상민,남,43,구포3동,상인,대졸,빌라/연립,교육,하정우,5,반드시,진보,민주당,감정적
139,최학수,남,83,구포1동,건설노동자,고졸,단독주택,안보,미정,1,반드시,중도,국민의힘,적극적
140,신금순,여,62,덕천2동,회사원,고졸,빌라/연립,부동산,하정우,5,반드시,중도,민주당,감정적
141,오지안,여,52,구포2동,식당주인,고졸,빌라/연립,일자리,한동훈,5,아마도,보수,국민의힘,적극적
142,정옥순,여,57,덕천3동,회사원,고졸,아파트,일자리,하정우,5,반드시,중도,민주당,무관심
143,황지수,여,38,구포2동,건설노동자,대졸,단독주택,일자리,박민식,5,아마도,중도,민주당,무관심
144,전미진,여,21,구포3동,건설노동자,대졸,원룸/고시원,부동산,하정우,5,아마도,진보,민주당,소극적
145,이재원,남,25,구포2동,건설노동자,고졸,아파트,부동산,한동훈,4,반드시,보수,국민의힘,적극적
146,황현주,여,41,구포2동,자영업자,대졸,단독주택,복지,미정,1,모름,중도,민주당,소극적
147,전종수,남,72,만덕2동,가사도우미,전문대졸,빌라/연립,안보,박민식,4,반드시,중도,민주당,무관심
148,안판수,남,65,구포3동,무직,고졸,단독주택,복지,박민식,3,반드시,보수,국민의힘,감정적
149,서지수,여,40,만덕2동,가사도우미,전문대졸,단독주택,일자리,하정우,4,반드시,진보,민주당,적극적
150,최병수,남,59,만덕2동,일용직,전문대졸,단독주택,부동산,하정우,5,반드시,진보,없음(첫투표),소극적
151,임태식,남,83,구포1동,상인,고졸,단독주택,부동산,박민식,5,반드시,보수,국민의힘,소극적
152,임봉수,남,88,구포2동,청소원,고졸,아파트,부동산,박민식,3,반드시,보수,국민의힘,소극적
153,최말례,여,60,만덕3동,식당주인,고졸,단독주택,복지,하정우,3,아마도,진보,민주당,소극적
154,신서윤,여,27,만덕2동,경비원,대학원졸,빌라/연립,교육,하정우,4,아마도,보수,국민의힘,무관심
155,조정숙,여,77,덕천1동,엔지니어,중졸,아파트,복지,박민식,5,반드시,보수,국민의힘,감정적
156,윤병수,남,83,구포2동,건설노동자,전문대졸,단독주택,복지,하정우,5,아마도,진보,민주당,소극적
157,조길동,남,65,만덕3동,청소원,고졸,빌라/연립,복지,한동훈,5,반드시,보수,국민의힘,감정적
158,류정호,남,82,덕천3동,주부,고졸,아파트,교육,하정우,5,반드시,보수,기타,감정적
159,최성민,남,18,만덕2동,경비원,전문대졸,아파트,교육,한동훈,3,반드시,보수,국민의힘,무관심
160,임창수,남,86,덕천2동,회사원,중졸,아파트,복지,한동훈,3,반드시,보수,국민의힘,감정적
161,전미진,여,43,구포2동,상인,전문대졸,아파트,부동산,하정우,4,반드시,진보,민주당,무관심
162,안서윤,여,46,구포2동,배달기사,고졸,빌라/연립,안보,하정우,3,반드시,진보,민주당,적극적
163,류귀순,여,57,구포1동,무직,고졸,아파트,안보,하정우,4,아마도,중도,국민의힘,감정적
164,이영숙,여,59,만덕3동,자영업자,고졸,빌라/연립,교육,하정우,4,아마도,진보,민주당,감정적
165,오종수,남,57,구포3동,택시기사,대졸,단독주택,교육,하정우,4,아마도,진보,민주당,소극적
166,송분례,여,67,만덕2동,가사도우미,고졸,아파트,복지,미정,2,반드시,중도,국민의힘,무관심
167,서봉수,남,69,덕천1동,주부,대졸,아파트,부동산,미정,2,반드시,중도,국민의힘,무관심
168,최준호,남,35,구포3동,무직,대졸,단독주택,일자리,한동훈,3,안할것,보수,국민의힘,적극적
169,장지안,여,43,덕천1동,간호사,전문대졸,아파트,부동산,하정우,3,반드시,진보,민주당,소극적
170,신태식,남,77,구포2동,편의점운영,대졸,아파트,부동산,하정우,3,반드시,중도,국민의힘,소극적
171,강미숙,여,64,덕천1동,자영업자,고졸,빌라/연립,부동산,한동훈,4,반드시,진보,민주당,적극적
172,오지수,여,29,구포1동,일용직,전문대졸,단독주택,부동산,하정우,3,반드시,진보,민주당,무관심
173,임미진,여,26,구포1동,무직,대졸,단독주택,일자리,하정우,5,반드시,진보,없음(첫투표),무관심
174,송용철,남,71,덕천2동,주부,고졸,아파트,안보,하정우,4,반드시,진보,기타,소극적
175,박봉희,여,56,덕천3동,자영업자,전문대졸,빌라/연립,교육,박민식,3,반드시,보수,국민의힘,적극적
176,조태식,남,59,만덕3동,가사도우미,고졸,빌라/연립,안보,하정우,4,모름,진보,조국혁신당,감정적
177,전수아,여,35,만덕3동,경비원,대졸,단독주택,부동산,한동훈,4,반드시,보수,국민의힘,소극적
178,이순희,여,64,덕천2동,교사,전문대졸,아파트,부동산,미정,2,모름,진보,민주당,감정적
179,전분자,여,85,덕천2동,교사,전문대졸,아파트,안보,하정우,3,반드시,보수,개혁신당,무관심
180,윤복순,여,67,덕천1동,교사,고졸,아파트,복지,한동훈,4,반드시,보수,기타,적극적
181,윤경호,남,87,구포3동,무직,고졸,아파트,복지,한동훈,5,모름,중도,기타,소극적
182,윤은지,여,48,만덕2동,가사도우미,대졸,빌라/연립,복지,미정,1,모름,중도,민주당,적극적
183,김성호,남,47,만덕2동,배달기사,대졸,빌라/연립,일자리,하정우,5,아마도,중도,없음(첫투표),논리적
184,서학수,남,56,덕천2동,주부,고졸,아파트,복지,하정우,3,모름,진보,민주당,소극적
185,송은지,여,46,덕천3동,회사원,대졸,아파트,일자리,하정우,4,반드시,보수,국민의힘,소극적
186,이도윤,남,33,만덕3동,배달기사,대졸,빌라/연립,부동산,하정우,5,반드시,중도,민주당,논리적
187,정판수,남,77,구포2동,택시기사,전문대졸,빌라/연립,부동산,하정우,5,반드시,진보,정의당,소극적
188,윤준호,남,52,만덕2동,경비원,전문대졸,아파트,일자리,미정,2,아마도,중도,없음(첫투표),적극적
189,김순희,여,70,만덕3동,무직,중졸,단독주택,부동산,박민식,3,반드시,중도,없음(첫투표),감정적
190,한미진,여,37,구포2동,편의점운영,전문대졸,원룸/고시원,교육,박민식,5,안할것,진보,민주당,적극적
191,황용철,남,84,구포2동,편의점운영,대졸,아파트,부동산,하정우,5,반드시,중도,민주당,감정적
192,임지훈,남,52,만덕2동,생산직,대졸,아파트,부동산,미정,2,모름,중도,국민의힘,논리적
193,박민지,여,41,구포1동,식당주인,대졸,빌라/연립,복지,하정우,4,아마도,중도,국민의힘,논리적
194,송경순,여,62,덕천1동,전문직,고졸,아파트,부동산,한동훈,5,반드시,보수,국민의힘,무관심
195,오경호,남,74,만덕3동,식당주인,전문대졸,단독주택,복지,한동훈,5,아마도,중도,민주당,감정적
196,이혜진,여,30,구포3동,청소원,대졸,단독주택,교육,한동훈,3,반드시,중도,국민의힘,적극적
197,한지훈,남,35,만덕2동,택시기사,대졸,아파트,부동산,하정우,5,아마도,진보,민주당,적극적
198,오서연,여,52,구포1동,편의점운영,중졸,단독주택,복지,하정우,5,아마도,중도,없음(첫투표),감정적
199,최지안,여,53,구포3동,배달기사,고졸,빌라/연립,부동산,박민식,4,아마도,보수,국민의힘,적극적
200,황영호,남,71,만덕2동,식당주인,대졸,단독주택,복지,하정우,5,반드시,진보,민주당,소극적
201,조학수,남,69,구포1동,건설노동자,고졸,빌라/연립,복지,하정우,5,반드시,진보,민주당,소극적
202,권창수,남,61,만덕3동,생산직,중졸,빌라/연립,복지,박민식,3,아마도,보수,기타,적극적
203,안철호,남,56,만덕3동,배달기사,전문대졸,단독주택,복지,한동훈,4,아마도,보수,국민의힘,논리적
204,류상민,남,19,덕천1동,전문직,대졸,아파트,부동산,미정,1,모름,중도,없음(첫투표),소극적
205,정경호,남,75,만덕2동,배달기사,중졸,단독주택,안보,미정,1,반드시,중도,국민의힘,무관심
206,안재원,남,26,덕천2동,공무원,대졸,아파트,일자리,미정,1,반드시,중도,국민의힘,무관심
207,이정호,남,59,구포2동,택시기사,고졸,아파트,복지,하정우,4,아마도,중도,민주당,논리적
208,안재원,남,40,구포3동,무직,대졸,빌라/연립,일자리,박민식,3,안할것,보수,국민의힘,소극적
209,전혜진,여,24,구포1동,배달기사,고졸,빌라/연립,교육,하정우,3,아마도,진보,민주당,논리적
210,오정호,남,65,만덕2동,경비원,고졸,빌라/연립,복지,하정우,5,모름,진보,민주당,감정적
211,한현주,여,25,덕천2동,교사,대졸,아파트,일자리,박민식,5,아마도,진보,기타,논리적
212,이분례,여,56,구포1동,편의점운영,고졸,아파트,부동산,미정,2,반드시,중도,개혁신당,감정적
213,이수진,여,44,덕천2동,공무원,고졸,아파트,부동산,하정우,3,아마도,진보,민주당,적극적
214,한소희,여,47,덕천3동,교사,대졸,빌라/연립,안보,미정,1,모름,진보,민주당,소극적
215,황춘자,여,88,구포3동,편의점운영,대졸,빌라/연립,복지,박민식,4,반드시,보수,국민의힘,소극적
216,이정호,남,60,만덕2동,배달기사,대졸,아파트,안보,박민식,4,반드시,보수,국민의힘,소극적
217,정혜진,여,30,구포3동,택시기사,대학원졸,빌라/연립,일자리,한동훈,5,반드시,보수,국민의힘,감정적
218,박지훈,남,53,만덕3동,일용직,전문대졸,단독주택,부동산,하정우,3,모름,진보,없음(첫투표),감정적
219,안분례,여,69,구포1동,청소원,중졸,빌라/연립,복지,미정,1,반드시,중도,민주당,소극적
220,이미진,여,23,만덕3동,택시기사,대졸,아파트,안보,미정,2,모름,중도,국민의힘,소극적
221,오창수,남,76,만덕2동,청소원,고졸,단독주택,부동산,하정우,4,반드시,진보,민주당,무관심
222,한광수,남,69,만덕2동,가사도우미,전문대졸,빌라/연립,부동산,한동훈,4,아마도,중도,국민의힘,소극적
223,전만수,남,73,구포3동,일용직,중졸,단독주택,부동산,한동훈,5,반드시,중도,기타,감정적
224,이예준,남,33,구포2동,청소원,대학원졸,원룸/고시원,일자리,하정우,4,아마도,진보,민주당,논리적
225,최현우,남,31,만덕2동,청소원,대학원졸,단독주택,일자리,하정우,5,아마도,진보,민주당,논리적
226,송지훈,남,37,만덕2동,생산직,전문대졸,빌라/연립,일자리,한동훈,4,반드시,보수,국민의힘,적극적
227,황성민,남,53,구포3동,무직,고졸,아파트,교육,박민식,5,반드시,보수,국민의힘,소극적
228,김경호,남,74,만덕2동,가사도우미,전문대졸,단독주택,일자리,하정우,5,반드시,진보,민주당,감정적
229,류광수,남,75,만덕3동,무직,고졸,아파트,복지,한동훈,5,반드시,중도,기타,무관심
230,이유진,여,27,덕천2동,회사원,대학원졸,아파트,부동산,박민식,4,반드시,보수,국민의힘,소극적
231,전명수,남,57,만덕2동,식당주인,고졸,단독주택,부동산,하정우,4,반드시,중도,민주당,적극적
232,안태호,남,54,구포2동,무직,전문대졸,단독주택,부동산,한동훈,4,반드시,보수,국민의힘,감정적
233,장소희,여,39,만덕2동,무직,대졸,단독주택,교육,한동훈,4,아마도,보수,국민의힘,무관심
234,신만수,남,72,구포1동,배달기사,대졸,빌라/연립,복지,하정우,4,반드시,진보,민주당,소극적
235,조영자,여,77,구포1동,건설노동자,중졸,빌라/연립,일자리,미정,2,반드시,보수,민주당,무관심
236,조주원,남,47,만덕3동,식당주인,전문대졸,단독주택,교육,박민식,4,반드시,진보,기타,논리적
237,전진수,남,20,만덕2동,식당주인,대학원졸,빌라/연립,일자리,하정우,4,아마도,중도,국민의힘,무관심
238,박지훈,남,48,만덕2동,택시기사,대졸,아파트,복지,하정우,5,아마도,진보,민주당,적극적
239,정말순,여,57,구포2동,택시기사,고졸,단독주택,부동산,박민식,4,반드시,보수,국민의힘,감정적
240,김옥순,여,61,만덕2동,경비원,전문대졸,아파트,부동산,한동훈,5,반드시,중도,민주당,소극적
241,황만수,남,58,덕천3동,교사,고졸,단독주택,안보,하정우,5,아마도,보수,개혁신당,적극적
242,한경순,여,81,만덕2동,가사도우미,중졸,단독주택,복지,하정우,4,반드시,진보,민주당,소극적
243,안춘자,여,69,만덕2동,배달기사,전문대졸,단독주택,안보,하정우,5,아마도,진보,민주당,무관심
244,장나영,여,47,만덕3동,택시기사,전문대졸,아파트,일자리,박민식,4,아마도,보수,기타,적극적
245,황판수,남,58,구포2동,건설노동자,전문대졸,원룸/고시원,복지,한동훈,3,아마도,중도,국민의힘,적극적
246,장지훈,남,27,만덕2동,가사도우미,전문대졸,아파트,일자리,한동훈,4,반드시,보수,국민의힘,논리적
247,조갑순,여,77,구포2동,무직,고졸,빌라/연립,안보,하정우,4,아마도,보수,기타,적극적
248,이복순,여,85,구포2동,건설노동자,전문대졸,빌라/연립,부동산,하정우,4,반드시,진보,민주당,무관심
249,윤유진,여,23,만덕2동,택시기사,전문대졸,단독주택,교육,미정,1,아마도,보수,국민의힘,무관심
250,최나영,여,41,구포1동,식당주인,대졸,빌라/연립,일자리,박민식,4,반드시,보수,국민의힘,논리적
251,강재호,남,73,덕천2동,교사,고졸,빌라/연립,복지,한동훈,3,반드시,보수,없음(첫투표),소극적
252,이병수,남,66,만덕2동,경비원,대졸,아파트,일자리,하정우,3,모름,중도,국민의힘,소극적
253,장수진,여,43,구포2동,일용직,대학원졸,원룸/고시원,일자리,미정,2,반드시,중도,기타,소극적
254,전복순,여,56,만덕2동,식당주인,고졸,빌라/연립,복지,하정우,5,반드시,진보,민주당,논리적
255,오지훈,남,43,구포1동,건설노동자,고졸,빌라/연립,부동산,미정,1,반드시,보수,국민의힘,적극적
256,이준호,남,20,만덕2동,배달기사,대학원졸,단독주택,교육,미정,1,모름,중도,기타,논리적
257,임미진,여,51,구포1동,청소원,대졸,빌라/연립,일자리,박민식,5,반드시,보수,국민의힘,논리적
258,안정호,남,64,구포2동,무직,전문대졸,빌라/연립,복지,하정우,5,반드시,진보,기타,소극적
259,임덕수,남,74,만덕3동,경비원,중졸,빌라/연립,안보,하정우,3,아마도,진보,민주당,감정적
260,서하은,여,44,구포2동,상인,대졸,아파트,부동산,하정우,3,아마도,보수,국민의힘,논리적
261,권옥순,여,72,만덕3동,일용직,중졸,단독주택,안보,한동훈,3,반드시,보수,없음(첫투표),소극적
262,이준호,남,29,덕천1동,간호사,대졸,빌라/연립,복지,한동훈,3,아마도,보수,국민의힘,적극적
263,강병수,남,65,구포1동,무직,고졸,빌라/연립,복지,한동훈,4,반드시,보수,국민의힘,적극적
264,한재원,남,31,만덕2동,자영업자,전문대졸,빌라/연립,부동산,박민식,3,안할것,보수,개혁신당,적극적
265,한우진,남,22,만덕2동,청소원,대학원졸,빌라/연립,일자리,한동훈,4,아마도,보수,개혁신당,적극적
266,권경순,여,70,덕천2동,자영업자,중졸,빌라/연립,복지,하정우,3,아마도,진보,민주당,감정적
267,류태식,남,69,덕천1동,은행원,대졸,빌라/연립,일자리,하정우,4,반드시,중도,국민의힘,감정적
268,장재호,남,61,구포2동,택시기사,대졸,단독주택,교육,한동훈,5,반드시,보수,개혁신당,소극적
269,한용철,남,85,구포2동,배달기사,대졸,아파트,안보,한동훈,3,반드시,보수,국민의힘,감정적
270,황예준,남,31,만덕3동,자영업자,대졸,단독주택,부동산,한동훈,4,반드시,진보,민주당,적극적
271,신기태,남,62,만덕2동,청소원,대졸,빌라/연립,교육,한동훈,5,반드시,보수,국민의힘,소극적
272,최민지,여,39,구포3동,일용직,전문대졸,단독주택,안보,박민식,3,반드시,보수,국민의힘,적극적
273,김재민,남,24,구포2동,배달기사,대졸,아파트,교육,하정우,5,반드시,중도,국민의힘,소극적
274,이재민,남,36,덕천3동,전문직,전문대졸,단독주택,부동산,미정,1,안할것,중도,기타,감정적
275,권재원,남,39,구포2동,식당주인,대졸,단독주택,부동산,하정우,5,반드시,중도,기타,논리적
276,오재원,남,52,덕천1동,회사원,대졸,단독주택,안보,박민식,3,아마도,보수,국민의힘,적극적
277,장광수,남,67,구포3동,건설노동자,대졸,단독주택,복지,한동훈,5,모름,진보,민주당,감정적
278,강광수,남,69,구포2동,식당주인,대졸,빌라/연립,안보,한동훈,5,아마도,중도,국민의힘,적극적
279,임창수,남,82,덕천3동,공무원,고졸,아파트,복지,미정,2,반드시,진보,조국혁신당,감정적
280,임학수,남,65,덕천2동,은행원,대졸,아파트,부동산,하정우,4,반드시,진보,기타,무관심
281,서현주,여,53,구포2동,배달기사,전문대졸,빌라/연립,부동산,한동훈,4,반드시,중도,민주당,감정적
282,신지혜,여,19,구포1동,택시기사,대학원졸,빌라/연립,교육,박민식,5,반드시,중도,국민의힘,무관심
283,박예준,남,52,덕천2동,공무원,고졸,아파트,일자리,박민식,5,반드시,보수,국민의힘,감정적
284,황말순,여,83,구포3동,상인,중졸,단독주택,복지,미정,2,반드시,중도,개혁신당,감정적
285,황미진,여,19,덕천3동,교사,전문대졸,단독주택,복지,박민식,4,아마도,보수,국민의힘,논리적
286,김봉희,여,78,구포1동,일용직,중졸,아파트,복지,미정,2,아마도,보수,국민의힘,무관심
287,윤재호,남,57,구포2동,건설노동자,고졸,단독주택,부동산,하정우,5,아마도,진보,민주당,감정적
288,최채원,여,48,만덕3동,일용직,고졸,단독주택,일자리,하정우,5,반드시,진보,기타,논리적
289,조준호,남,35,구포3동,편의점운영,대졸,빌라/연립,교육,한동훈,4,반드시,중도,개혁신당,무관심
290,한학수,남,63,덕천3동,교사,고졸,아파트,부동산,하정우,4,아마도,진보,조국혁신당,적극적
291,최태호,남,20,구포2동,택시기사,대졸,빌라/연립,일자리,하정우,4,반드시,진보,민주당,논리적
292,안수진,여,19,구포1동,택시기사,대졸,아파트,교육,한동훈,5,반드시,진보,민주당,논리적
293,안민지,여,29,만덕2동,무직,대졸,빌라/연립,부동산,한동훈,3,안할것,진보,없음(첫투표),논리적
294,안금순,여,60,구포2동,청소원,중졸,빌라/연립,일자리,박민식,3,반드시,보수,국민의힘,적극적
295,김혜진,여,49,구포3동,식당주인,고졸,아파트,일자리,하정우,4,반드시,진보,조국혁신당,적극적
296,임분례,여,85,덕천1동,간호사,전문대졸,아파트,복지,한동훈,3,반드시,보수,기타,적극적
297,정유진,여,52,덕천2동,엔지니어,대졸,아파트,복지,미정,1,아마도,중도,민주당,논리적
298,류명수,남,55,덕천2동,관리직,대졸,빌라/연립,일자리,박민식,4,아마도,보수,민주당,감정적
299,안영철,남,62,구포2동,일용직,고졸,단독주택,복지,하정우,5,모름,중도,없음(첫투표),무관심
300,서지안,여,49,만덕2동,무직,전문대졸,빌라/연립,교육,하정우,3,모름,보수,기타,무관심
301,이복순,여,56,덕천3동,교사,전문대졸,빌라/연립,복지,하정우,4,반드시,진보,기타,소극적
302,최지안,여,42,구포1동,자영업자,전문대졸,빌라/연립,일자리,하정우,5,아마도,진보,정의당,소극적
303,전병수,남,64,만덕2동,가사도우미,전문대졸,빌라/연립,부동산,하정우,5,반드시,진보,조국혁신당,감정적
304,안채원,여,52,덕천2동,공무원,고졸,빌라/연립,일자리,박민식,3,아마도,보수,없음(첫투표),적극적
305,김정호,남,55,만덕2동,택시기사,고졸,빌라/연립,부동산,하정우,5,반드시,중도,민주당,적극적
306,이예준,남,33,덕천2동,관리직,전문대졸,아파트,복지,미정,1,반드시,진보,정의당,무관심
307,박종수,남,76,덕천1동,교사,고졸,아파트,복지,박민식,5,반드시,보수,국민의힘,소극적
308,정철호,남,72,만덕3동,일용직,전문대졸,단독주택,부동산,박민식,4,반드시,보수,국민의힘,무관심
309,조혜진,여,43,구포1동,무직,전문대졸,아파트,부동산,박민식,4,아마도,중도,국민의힘,소극적
310,정봉수,남,81,덕천3동,엔지니어,고졸,아파트,안보,하정우,4,반드시,진보,민주당,소극적
311,안병수,남,80,구포2동,상인,대졸,아파트,복지,한동훈,3,모름,보수,국민의힘,소극적
312,오분례,여,82,만덕2동,택시기사,중졸,단독주택,복지,미정,1,모름,중도,민주당,소극적
313,장서윤,여,43,구포1동,배달기사,전문대졸,빌라/연립,부동산,박민식,3,반드시,보수,국민의힘,소극적
314,서수연,여,48,덕천2동,간호사,대졸,아파트,안보,한동훈,3,반드시,보수,국민의힘,논리적
315,송태호,남,43,만덕2동,일용직,고졸,빌라/연립,일자리,한동훈,3,반드시,중도,민주당,감정적
316,정성민,남,41,구포1동,자영업자,전문대졸,단독주택,일자리,박민식,3,아마도,보수,국민의힘,감정적
317,윤건우,남,46,구포1동,상인,대졸,아파트,일자리,하정우,3,반드시,보수,국민의힘,감정적
318,강현주,여,45,구포3동,편의점운영,대졸,원룸/고시원,부동산,하정우,5,반드시,중도,기타,적극적
319,이말순,여,59,구포1동,상인,대졸,아파트,부동산,박민식,5,아마도,중도,국민의힘,소극적
320,정경호,남,66,만덕3동,가사도우미,고졸,단독주택,일자리,하정우,4,반드시,진보,민주당,무관심
321,강성호,남,32,덕천3동,은행원,대졸,아파트,일자리,한동훈,4,아마도,중도,민주당,적극적
322,정유진,여,39,만덕3동,가사도우미,전문대졸,아파트,안보,미정,1,안할것,보수,국민의힘,소극적
323,임종수,남,88,구포3동,편의점운영,전문대졸,빌라/연립,안보,박민식,5,반드시,보수,국민의힘,적극적
324,정정숙,여,74,구포2동,자영업자,고졸,빌라/연립,복지,한동훈,3,아마도,보수,국민의힘,감정적
325,최민지,여,21,만덕3동,청소원,대졸,아파트,일자리,하정우,5,아마도,진보,민주당,논리적
326,오미진,여,51,구포3동,편의점운영,대졸,단독주택,복지,박민식,3,모름,중도,국민의힘,감정적
327,신봉수,남,63,덕천1동,전문직,고졸,아파트,복지,한동훈,4,반드시,중도,국민의힘,감정적
328,황영호,남,66,만덕3동,배달기사,중졸,빌라/연립,복지,미정,2,반드시,중도,국민의힘,무관심
329,강동현,남,36,구포2동,상인,대학원졸,빌라/연립,교육,하정우,4,반드시,중도,기타,논리적
330,한성진,남,33,구포2동,상인,전문대졸,빌라/연립,교육,박민식,4,반드시,중도,국민의힘,감정적
331,권수연,여,32,구포2동,택시기사,대졸,아파트,교육,하정우,3,아마도,보수,국민의힘,논리적
332,임분례,여,67,만덕2동,가사도우미,대졸,단독주택,복지,박민식,5,아마도,보수,국민의힘,무관심
333,전성민,남,40,만덕3동,택시기사,대졸,단독주택,복지,한동훈,4,아마도,중도,국민의힘,감정적
334,황태식,남,62,구포3동,배달기사,대졸,빌라/연립,복지,하정우,3,반드시,중도,국민의힘,논리적
335,이성호,남,52,구포2동,택시기사,고졸,단독주택,복지,박민식,4,반드시,진보,민주당,소극적
336,김재원,남,36,구포3동,식당주인,대졸,빌라/연립,부동산,하정우,5,반드시,보수,국민의힘,적극적
337,박정숙,여,56,구포2동,자영업자,대졸,단독주택,일자리,박민식,3,반드시,진보,민주당,감정적
338,이춘자,여,75,구포2동,식당주인,대졸,빌라/연립,일자리,박민식,4,반드시,보수,국민의힘,감정적
339,윤채원,여,39,덕천2동,교사,전문대졸,빌라/연립,부동산,박민식,3,아마도,보수,국민의힘,적극적
340,강영호,남,62,구포1동,편의점운영,전문대졸,원룸/고시원,복지,한동훈,5,반드시,보수,국민의힘,적극적
341,권덕수,남,82,만덕2동,청소원,전문대졸,빌라/연립,일자리,하정우,4,반드시,중도,민주당,소극적
342,서준호,남,30,구포1동,건설노동자,대졸,원룸/고시원,부동산,박민식,5,반드시,보수,국민의힘,논리적
343,안태식,남,74,덕천1동,자영업자,대졸,아파트,복지,박민식,3,반드시,보수,국민의힘,감정적
344,김복순,여,88,구포1동,무직,고졸,빌라/연립,일자리,박민식,4,반드시,보수,국민의힘,적극적
345,오철호,남,71,구포2동,배달기사,전문대졸,아파트,복지,한동훈,3,반드시,보수,국민의힘,감정적
346,윤우진,남,52,구포2동,상인,중졸,빌라/연립,일자리,한동훈,4,반드시,중도,민주당,감정적
347,강동현,남,43,구포2동,상인,대학원졸,아파트,안보,하정우,4,아마도,중도,국민의힘,논리적
348,전태식,남,60,구포1동,배달기사,고졸,아파트,복지,하정우,4,반드시,진보,민주당,소극적
349,신태식,남,60,구포2동,식당주인,고졸,빌라/연립,부동산,하정우,5,반드시,진보,민주당,감정적
350,조재민,남,24,구포3동,무직,고졸,원룸/고시원,교육,한동훈,3,아마도,보수,국민의힘,소극적
351,박은혜,여,53,구포1동,배달기사,전문대졸,빌라/연립,복지,한동훈,5,반드시,중도,개혁신당,적극적
352,송성호,남,53,만덕2동,배달기사,고졸,빌라/연립,일자리,하정우,3,반드시,보수,국민의힘,적극적
353,정금순,여,65,만덕2동,가사도우미,고졸,단독주택,복지,한동훈,4,반드시,보수,국민의힘,소극적
354,한현주,여,52,구포3동,편의점운영,고졸,빌라/연립,부동산,하정우,5,반드시,진보,민주당,감정적
355,박종수,남,64,만덕2동,가사도우미,고졸,빌라/연립,복지,하정우,4,반드시,진보,민주당,적극적
356,이명자,여,66,구포3동,배달기사,전문대졸,아파트,부동산,한동훈,4,반드시,보수,국민의힘,소극적
357,장순자,여,61,만덕2동,자영업자,대졸,단독주택,부동산,박민식,4,아마도,보수,국민의힘,소극적
358,최봉수,남,80,덕천2동,관리직,전문대졸,아파트,안보,한동훈,4,반드시,중도,없음(첫투표),감정적
359,서덕수,남,65,덕천3동,관리직,고졸,빌라/연립,부동산,하정우,4,반드시,진보,민주당,적극적
360,강수진,여,47,만덕3동,자영업자,전문대졸,빌라/연립,일자리,미정,1,모름,진보,기타,적극적
361,류정호,남,69,구포1동,식당주인,대졸,단독주택,복지,하정우,3,반드시,보수,개혁신당,적극적
362,박민준,남,51,구포1동,자영업자,대졸,빌라/연립,일자리,하정우,5,반드시,진보,민주당,무관심
363,윤지안,여,31,만덕2동,식당주인,대학원졸,빌라/연립,교육,하정우,4,반드시,중도,국민의힘,논리적
364,임유진,여,47,만덕2동,생산직,대졸,단독주택,안보,박민식,4,반드시,보수,국민의힘,적극적
365,권준호,남,53,구포3동,택시기사,중졸,빌라/연립,일자리,하정우,4,안할것,진보,민주당,논리적
366,임성호,남,24,구포1동,건설노동자,대졸,아파트,일자리,한동훈,4,아마도,중도,국민의힘,적극적
367,장복순,여,64,만덕3동,식당주인,고졸,빌라/연립,교육,박민식,4,반드시,보수,국민의힘,감정적
368,오채원,여,51,구포3동,상인,고졸,빌라/연립,교육,박민식,3,반드시,보수,민주당,무관심
369,오순희,여,56,만덕2동,택시기사,전문대졸,단독주택,복지,하정우,4,모름,보수,국민의힘,적극적
370,전봉수,남,58,구포2동,배달기사,고졸,빌라/연립,부동산,박민식,5,반드시,보수,개혁신당,감정적
371,송분례,여,59,구포1동,배달기사,고졸,빌라/연립,복지,하정우,4,아마도,진보,기타,적극적
372,황경호,남,72,구포2동,건설노동자,중졸,아파트,일자리,박민식,3,반드시,보수,국민의힘,소극적
373,최소희,여,27,덕천1동,교사,고졸,단독주택,부동산,한동훈,4,아마도,진보,민주당,소극적
374,서미진,여,37,덕천1동,자영업자,전문대졸,아파트,교육,미정,1,모름,중도,없음(첫투표),논리적
375,임재호,남,57,덕천1동,은행원,대졸,아파트,부동산,박민식,5,반드시,중도,국민의힘,적극적
376,서재원,남,44,만덕3동,청소원,대학원졸,아파트,교육,하정우,3,아마도,진보,민주당,논리적
377,송순자,여,57,만덕3동,경비원,고졸,단독주택,부동산,박민식,3,반드시,보수,국민의힘,감정적
378,장금순,여,79,덕천1동,전문직,중졸,아파트,교육,하정우,4,반드시,진보,기타,무관심
379,서성진,남,35,덕천2동,은행원,전문대졸,아파트,부동산,한동훈,5,반드시,중도,기타,소극적
380,오경순,여,82,덕천1동,주부,중졸,단독주택,복지,하정우,5,반드시,중도,기타,무관심
381,전정호,남,79,구포3동,자영업자,전문대졸,단독주택,안보,박민식,4,반드시,중도,민주당,논리적
382,임말례,여,85,구포2동,배달기사,전문대졸,빌라/연립,안보,하정우,5,모름,진보,민주당,소극적
383,권학수,남,88,구포2동,택시기사,중졸,단독주택,복지,박민식,4,아마도,보수,국민의힘,소극적
384,임덕수,남,62,덕천2동,교사,중졸,빌라/연립,복지,하정우,5,반드시,진보,민주당,적극적
385,정영호,남,88,만덕2동,택시기사,대졸,단독주택,복지,미정,2,반드시,진보,민주당,감정적
386,이학수,남,85,만덕2동,택시기사,고졸,단독주택,복지,하정우,4,반드시,진보,민주당,무관심
387,이미진,여,20,만덕2동,택시기사,대학원졸,단독주택,복지,박민식,4,아마도,중도,기타,적극적
388,장대현,남,43,구포2동,상인,대졸,단독주택,일자리,하정우,5,반드시,진보,민주당,논리적
389,박수아,여,41,덕천2동,전문직,대졸,빌라/연립,일자리,하정우,4,아마도,중도,국민의힘,논리적
390,최말순,여,61,구포3동,청소원,대졸,단독주택,안보,미정,1,모름,중도,민주당,적극적
391,한성진,남,21,만덕2동,경비원,대졸,빌라/연립,일자리,박민식,5,반드시,중도,국민의힘,소극적
392,박분자,여,77,덕천3동,자영업자,전문대졸,아파트,부동산,하정우,4,반드시,진보,민주당,감정적
393,송태호,남,44,구포1동,배달기사,대학원졸,빌라/연립,일자리,한동훈,5,반드시,진보,민주당,소극적
394,한영호,남,61,덕천1동,엔지니어,전문대졸,아파트,교육,박민식,5,반드시,보수,국민의힘,감정적
395,한재원,남,51,만덕3동,택시기사,전문대졸,아파트,복지,한동훈,5,반드시,보수,국민의힘,소극적
396,조현주,여,34,구포2동,일용직,대졸,빌라/연립,일자리,미정,1,모름,중도,국민의힘,적극적
397,서대현,남,32,만덕3동,가사도우미,대졸,아파트,일자리,하정우,3,반드시,진보,민주당,논리적
398,강민준,남,51,만덕3동,무직,대졸,빌라/연립,복지,하정우,4,반드시,보수,국민의힘,적극적
399,오영호,남,79,구포1동,자영업자,중졸,빌라/연립,복지,미정,2,모름,보수,국민의힘,무관심
400,안복순,여,88,만덕2동,청소원,고졸,단독주택,안보,하정우,4,아마도,진보,민주당,소극적
401,박경순,여,80,구포1동,무직,고졸,빌라/연립,안보,한동훈,5,반드시,중도,없음(첫투표),무관심
402,권만수,남,76,구포3동,택시기사,중졸,빌라/연립,복지,한동훈,3,반드시,보수,국민의힘,감정적
403,장금순,여,63,덕천3동,관리직,대졸,아파트,복지,하정우,4,반드시,진보,조국혁신당,감정적
404,권지영,여,27,구포1동,무직,대졸,아파트,교육,한동훈,5,반드시,중도,국민의힘,무관심
405,전은혜,여,37,만덕2동,가사도우미,대졸,빌라/연립,부동산,하정우,4,모름,중도,국민의힘,적극적
406,서상민,남,42,구포1동,건설노동자,대학원졸,단독주택,부동산,미정,1,모름,보수,국민의힘,논리적
407,서서연,여,30,구포3동,건설노동자,전문대졸,빌라/연립,일자리,박민식,5,반드시,보수,국민의힘,소극적
408,전채원,여,47,구포1동,무직,대졸,단독주택,부동산,미정,1,모름,중도,없음(첫투표),적극적
409,권복순,여,64,만덕2동,경비원,대졸,단독주택,일자리,하정우,5,반드시,진보,민주당,감정적
410,권영자,여,68,구포3동,청소원,고졸,단독주택,복지,하정우,5,반드시,중도,없음(첫투표),적극적
411,오덕수,남,64,만덕2동,식당주인,전문대졸,아파트,복지,박민식,4,반드시,보수,국민의힘,무관심
412,박분례,여,63,만덕3동,자영업자,전문대졸,아파트,복지,하정우,4,반드시,진보,조국혁신당,적극적
413,안갑순,여,71,만덕3동,경비원,고졸,단독주택,복지,한동훈,3,반드시,보수,기타,적극적
414,송봉수,남,58,구포2동,식당주인,고졸,아파트,일자리,미정,2,아마도,중도,민주당,감정적
415,서시우,남,24,구포3동,배달기사,대졸,아파트,복지,하정우,4,반드시,진보,조국혁신당,논리적
416,최봉희,여,59,구포2동,일용직,대졸,단독주택,복지,박민식,3,모름,보수,국민의힘,무관심
417,안금순,여,72,만덕3동,무직,고졸,아파트,일자리,하정우,5,반드시,중도,기타,무관심
418,권경호,남,56,구포3동,일용직,고졸,빌라/연립,부동산,한동훈,3,반드시,중도,국민의힘,적극적
419,강유진,여,43,만덕2동,가사도우미,대학원졸,단독주택,부동산,하정우,5,아마도,진보,조국혁신당,논리적
420,강준호,남,28,덕천1동,관리직,전문대졸,단독주택,일자리,박민식,3,반드시,보수,국민의힘,적극적
421,장순희,여,60,만덕3동,자영업자,전문대졸,빌라/연립,복지,박민식,4,모름,보수,국민의힘,논리적
422,이나영,여,29,만덕2동,생산직,대학원졸,빌라/연립,일자리,하정우,5,반드시,보수,국민의힘,적극적
423,김성진,남,48,구포1동,무직,대학원졸,단독주택,복지,하정우,5,반드시,중도,국민의힘,무관심
424,정옥순,여,60,만덕2동,택시기사,중졸,단독주택,부동산,한동훈,5,반드시,보수,국민의힘,논리적
425,신용철,남,69,만덕3동,배달기사,고졸,단독주택,일자리,한동훈,5,반드시,중도,기타,논리적
426,최재민,남,51,구포2동,무직,대졸,빌라/연립,부동산,한동훈,5,안할것,보수,국민의힘,적극적
427,전영자,여,56,덕천2동,교사,전문대졸,아파트,안보,하정우,5,반드시,중도,개혁신당,논리적
428,강명수,남,75,구포1동,일용직,전문대졸,단독주택,복지,한동훈,4,반드시,보수,국민의힘,소극적
429,박지혜,여,37,덕천2동,관리직,전문대졸,아파트,교육,하정우,4,아마도,진보,조국혁신당,적극적
430,송소희,여,46,만덕2동,식당주인,대졸,빌라/연립,부동산,박민식,5,반드시,보수,국민의힘,논리적
431,강건우,남,22,덕천2동,엔지니어,대졸,빌라/연립,교육,박민식,3,안할것,보수,기타,감정적
432,전준호,남,22,만덕2동,식당주인,전문대졸,아파트,교육,박민식,3,아마도,보수,국민의힘,무관심
433,안귀순,여,67,덕천1동,전문직,대졸,아파트,복지,한동훈,5,반드시,보수,국민의힘,무관심
434,류예준,남,34,구포2동,배달기사,대졸,단독주택,일자리,박민식,3,아마도,중도,기타,적극적
435,송재민,남,43,구포3동,청소원,대졸,아파트,부동산,박민식,4,모름,중도,민주당,무관심
436,서지수,여,25,만덕3동,배달기사,전문대졸,빌라/연립,부동산,하정우,5,아마도,진보,민주당,적극적
437,류민지,여,36,구포1동,편의점운영,대학원졸,아파트,교육,하정우,5,반드시,중도,기타,감정적
438,김명자,여,62,만덕3동,무직,전문대졸,빌라/연립,복지,한동훈,4,아마도,진보,민주당,적극적
439,송시우,남,25,구포2동,일용직,대졸,단독주택,일자리,박민식,5,반드시,보수,개혁신당,소극적
440,강지혜,여,35,구포2동,청소원,전문대졸,빌라/연립,교육,박민식,4,반드시,보수,없음(첫투표),논리적
441,강귀순,여,81,구포3동,청소원,대졸,빌라/연립,복지,한동훈,4,반드시,진보,민주당,적극적
442,최성진,남,37,구포2동,자영업자,전문대졸,아파트,교육,하정우,4,모름,중도,없음(첫투표),소극적
443,강용철,남,55,덕천2동,은행원,대졸,빌라/연립,복지,한동훈,3,반드시,중도,국민의힘,적극적
444,김성진,남,50,구포2동,상인,고졸,원룸/고시원,안보,박민식,4,반드시,진보,민주당,적극적
445,전나영,여,50,구포2동,청소원,전문대졸,빌라/연립,부동산,하정우,5,반드시,보수,민주당,소극적
446,임도윤,남,30,덕천1동,엔지니어,대졸,빌라/연립,일자리,한동훈,3,반드시,보수,국민의힘,논리적
447,임성민,남,47,덕천2동,주부,전문대졸,아파트,부동산,미정,2,아마도,중도,없음(첫투표),감정적
448,안철호,남,74,구포2동,일용직,고졸,빌라/연립,일자리,하정우,4,아마도,진보,조국혁신당,적극적
449,한말례,여,69,덕천3동,주부,고졸,아파트,부동산,하정우,4,반드시,중도,국민의힘,무관심
450,황귀순,여,65,덕천1동,주부,고졸,아파트,안보,하정우,4,반드시,진보,민주당,소극적
451,윤소희,여,48,구포3동,자영업자,고졸,빌라/연립,부동산,하정우,4,반드시,중도,기타,적극적
452,신서윤,여,37,구포2동,식당주인,전문대졸,단독주택,일자리,한동훈,5,반드시,보수,국민의힘,적극적
453,신계순,여,60,구포2동,식당주인,중졸,빌라/연립,일자리,하정우,5,안할것,중도,기타,적극적
454,임종수,남,64,만덕2동,자영업자,대졸,단독주택,복지,박민식,5,반드시,보수,국민의힘,감정적
455,임지혜,여,39,만덕3동,무직,대졸,단독주택,부동산,하정우,5,아마도,진보,민주당,논리적
456,김광수,남,63,구포2동,식당주인,중졸,아파트,복지,박민식,3,반드시,중도,국민의힘,무관심
457,송동현,남,31,만덕2동,무직,대졸,아파트,교육,한동훈,3,아마도,보수,국민의힘,논리적
458,류순희,여,68,구포2동,청소원,전문대졸,빌라/연립,복지,박민식,4,아마도,보수,국민의힘,적극적
459,오서윤,여,46,덕천1동,전문직,고졸,빌라/연립,복지,하정우,5,반드시,진보,민주당,적극적
460,장진수,남,44,덕천2동,교사,대졸,빌라/연립,부동산,박민식,4,반드시,중도,기타,감정적
461,오미진,여,44,덕천3동,교사,고졸,빌라/연립,일자리,하정우,4,아마도,중도,기타,적극적
462,서옥순,여,67,덕천1동,자영업자,대졸,아파트,부동산,하정우,3,반드시,진보,민주당,감정적
463,권주원,남,47,만덕2동,배달기사,대학원졸,단독주택,부동산,한동훈,3,모름,보수,없음(첫투표),적극적
464,조진수,남,21,덕천1동,교사,대졸,아파트,부동산,미정,1,모름,진보,정의당,논리적
465,한태식,남,67,만덕3동,택시기사,전문대졸,단독주택,안보,하정우,5,안할것,중도,국민의힘,무관심
466,조재원,남,52,구포2동,일용직,대졸,아파트,교육,한동훈,4,아마도,보수,기타,무관심
467,류금순,여,60,구포2동,자영업자,대졸,원룸/고시원,부동산,한동훈,5,반드시,진보,민주당,적극적
468,김명수,남,60,덕천2동,교사,고졸,아파트,복지,하정우,3,반드시,진보,민주당,감정적
469,정만수,남,65,구포3동,상인,고졸,아파트,안보,하정우,4,반드시,진보,민주당,감정적
470,서태식,남,72,구포2동,식당주인,전문대졸,단독주택,복지,미정,1,반드시,중도,개혁신당,감정적
471,신소희,여,18,덕천1동,교사,대졸,아파트,교육,한동훈,4,반드시,중도,민주당,논리적
472,윤귀순,여,68,구포3동,자영업자,전문대졸,빌라/연립,일자리,한동훈,4,아마도,보수,기타,적극적
473,류명자,여,77,덕천2동,엔지니어,전문대졸,아파트,복지,박민식,5,반드시,보수,국민의힘,감정적
474,류수진,여,39,덕천3동,관리직,대졸,아파트,복지,한동훈,3,아마도,보수,국민의힘,논리적
475,윤은혜,여,19,구포2동,건설노동자,대졸,빌라/연립,일자리,하정우,4,반드시,진보,민주당,적극적
476,장태호,남,53,만덕2동,택시기사,고졸,단독주택,교육,하정우,4,반드시,보수,국민의힘,무관심
477,조동현,남,33,구포3동,일용직,전문대졸,원룸/고시원,교육,미정,1,모름,중도,국민의힘,적극적
478,조춘자,여,61,구포3동,일용직,고졸,빌라/연립,복지,하정우,5,반드시,중도,국민의힘,감정적
479,서지수,여,44,덕천1동,엔지니어,대졸,빌라/연립,부동산,미정,2,아마도,중도,개혁신당,논리적
480,한성진,남,26,덕천2동,교사,고졸,아파트,일자리,한동훈,4,모름,보수,국민의힘,감정적
481,최기태,남,71,덕천3동,주부,고졸,빌라/연립,부동산,박민식,4,반드시,보수,국민의힘,무관심
482,한태식,남,77,덕천1동,은행원,고졸,아파트,안보,하정우,4,반드시,진보,민주당,소극적
483,정복순,여,72,구포2동,상인,전문대졸,단독주택,복지,미정,1,아마도,진보,기타,소극적
484,송분자,여,62,만덕3동,가사도우미,전문대졸,아파트,복지,한동훈,5,반드시,보수,국민의힘,감정적
485,전우진,남,27,만덕2동,일용직,고졸,빌라/연립,교육,하정우,3,반드시,진보,민주당,무관심
486,이대현,남,22,덕천3동,전문직,대졸,아파트,교육,박민식,5,반드시,보수,국민의힘,논리적
487,임정숙,여,59,덕천3동,은행원,고졸,단독주택,일자리,하정우,4,아마도,진보,민주당,감정적
488,한준호,남,25,구포3동,건설노동자,대졸,빌라/연립,일자리,한동훈,4,아마도,보수,국민의힘,논리적
489,오영숙,여,63,만덕2동,택시기사,대졸,단독주택,부동산,한동훈,3,모름,진보,기타,무관심
490,임민지,여,48,만덕3동,배달기사,고졸,단독주택,부동산,하정우,4,아마도,진보,민주당,논리적
491,최유진,여,43,덕천3동,자영업자,대졸,아파트,일자리,하정우,5,모름,진보,민주당,감정적
492,장대현,남,28,덕천1동,간호사,대학원졸,아파트,교육,박민식,5,반드시,보수,국민의힘,무관심
493,서영호,남,60,구포3동,건설노동자,고졸,아파트,부동산,하정우,4,반드시,보수,국민의힘,논리적
494,정민준,남,41,덕천1동,은행원,전문대졸,아파트,교육,하정우,4,모름,보수,없음(첫투표),적극적
495,윤채원,여,21,만덕2동,무직,대졸,아파트,일자리,박민식,4,아마도,보수,개혁신당,적극적
496,윤미숙,여,75,구포2동,편의점운영,고졸,빌라/연립,안보,박민식,4,아마도,중도,기타,감정적
497,박영철,남,64,구포2동,택시기사,전문대졸,단독주택,교육,미정,1,모름,중도,국민의힘,소극적
498,류재원,남,32,구포3동,자영업자,대학원졸,빌라/연립,일자리,한동훈,5,모름,중도,국민의힘,논리적
499,안수아,여,34,구포1동,식당주인,대졸,단독주택,안보,미정,1,모름,중도,민주당,소극적
500,최준호,남,44,덕천2동,회사원,대졸,단독주택,교육,한동훈,3,아마도,진보,민주당,논리적
501,송재원,남,44,만덕3동,일용직,대졸,단독주택,일자리,하정우,4,아마도,중도,기타,논리적
502,신분자,여,63,구포2동,상인,중졸,원룸/고시원,안보,하정우,5,반드시,진보,민주당,소극적
503,서정호,남,71,만덕2동,가사도우미,전문대졸,단독주택,복지,미정,1,아마도,중도,국민의힘,감정적
504,정주원,남,24,구포2동,일용직,대졸,단독주택,일자리,한동훈,3,모름,중도,민주당,소극적
505,강갑순,여,59,구포1동,청소원,전문대졸,아파트,안보,박민식,4,아마도,보수,개혁신당,감정적
506,신종수,남,80,덕천1동,간호사,고졸,아파트,복지,박민식,4,반드시,보수,국민의힘,감정적
507,윤수아,여,40,덕천2동,관리직,대졸,빌라/연립,안보,한동훈,4,반드시,보수,기타,감정적
508,전상민,남,50,구포1동,택시기사,고졸,원룸/고시원,부동산,한동훈,3,반드시,중도,국민의힘,감정적
509,이우진,남,23,구포1동,식당주인,대학원졸,아파트,일자리,하정우,5,아마도,중도,개혁신당,소극적
510,서준호,남,52,덕천2동,엔지니어,고졸,아파트,교육,박민식,3,아마도,중도,민주당,소극적
511,이지수,여,54,구포1동,일용직,전문대졸,빌라/연립,부동산,한동훈,3,반드시,보수,국민의힘,감정적
512,이지훈,남,33,구포2동,편의점운영,전문대졸,아파트,일자리,미정,1,모름,보수,국민의힘,논리적
513,임분자,여,64,구포1동,건설노동자,중졸,아파트,교육,박민식,4,반드시,진보,민주당,감정적
514,임분례,여,64,덕천1동,관리직,대졸,아파트,부동산,미정,1,아마도,진보,민주당,소극적
515,강정숙,여,58,만덕2동,생산직,전문대졸,빌라/연립,복지,한동훈,4,아마도,보수,국민의힘,적극적
516,이영숙,여,72,구포3동,편의점운영,고졸,빌라/연립,복지,한동훈,5,아마도,중도,기타,무관심
517,안광수,남,61,구포1동,편의점운영,고졸,아파트,안보,미정,2,반드시,중도,없음(첫투표),논리적
518,한나영,여,43,덕천2동,교사,대졸,단독주택,부동산,박민식,4,반드시,보수,국민의힘,적극적
519,윤시우,남,30,구포1동,상인,고졸,빌라/연립,일자리,미정,2,반드시,보수,국민의힘,논리적
520,정진수,남,29,구포3동,편의점운영,대졸,아파트,일자리,하정우,4,모름,중도,민주당,적극적
521,이동현,남,45,덕천1동,전문직,대졸,아파트,안보,한동훈,4,반드시,보수,개혁신당,감정적
522,장금순,여,70,만덕3동,경비원,고졸,빌라/연립,안보,박민식,3,아마도,보수,민주당,적극적
523,류영숙,여,78,덕천2동,간호사,전문대졸,아파트,교육,한동훈,4,반드시,진보,민주당,소극적
524,신미숙,여,66,구포3동,건설노동자,고졸,단독주택,복지,하정우,4,반드시,보수,기타,감정적
525,권광수,남,64,덕천3동,회사원,대졸,아파트,복지,박민식,4,반드시,중도,개혁신당,감정적
526,전지혜,여,22,만덕3동,택시기사,대졸,단독주택,안보,미정,2,아마도,중도,민주당,감정적
527,권건우,남,20,구포2동,식당주인,대졸,원룸/고시원,일자리,하정우,3,모름,보수,국민의힘,적극적
528,황기태,남,67,덕천2동,엔지니어,대졸,단독주택,복지,한동훈,5,모름,보수,개혁신당,소극적
529,최도윤,남,20,만덕3동,청소원,전문대졸,단독주택,일자리,박민식,5,반드시,보수,국민의힘,감정적
530,한기태,남,62,구포1동,편의점운영,전문대졸,아파트,복지,하정우,3,아마도,진보,정의당,적극적
531,조봉희,여,74,덕천2동,전문직,대졸,아파트,부동산,하정우,5,반드시,보수,국민의힘,논리적
532,오만수,남,69,구포3동,편의점운영,중졸,아파트,안보,하정우,5,반드시,진보,민주당,감정적
533,안금순,여,87,만덕2동,무직,중졸,단독주택,복지,미정,2,반드시,중도,없음(첫투표),감정적
534,오병수,남,58,만덕3동,무직,대졸,아파트,부동산,박민식,3,모름,보수,국민의힘,논리적
535,송말례,여,79,만덕2동,일용직,중졸,단독주택,안보,박민식,5,반드시,보수,국민의힘,논리적
536,박귀순,여,75,구포3동,편의점운영,고졸,빌라/연립,안보,하정우,5,반드시,진보,없음(첫투표),논리적
537,조금순,여,70,만덕2동,일용직,전문대졸,단독주택,복지,한동훈,4,아마도,보수,국민의힘,감정적
538,임명자,여,72,구포1동,청소원,중졸,단독주택,복지,박민식,4,아마도,보수,기타,소극적
539,강미진,여,37,덕천3동,공무원,전문대졸,아파트,부동산,미정,1,안할것,보수,국민의힘,논리적
540,오정호,남,67,구포2동,무직,고졸,아파트,부동산,하정우,5,아마도,진보,민주당,적극적
541,오지영,여,30,덕천3동,간호사,대졸,단독주택,안보,하정우,4,아마도,진보,민주당,무관심
542,안길동,남,71,구포3동,자영업자,고졸,단독주택,복지,하정우,3,반드시,진보,정의당,감정적
543,박민준,남,27,만덕2동,배달기사,대졸,단독주택,일자리,한동훈,3,반드시,보수,민주당,논리적
544,신경호,남,84,구포1동,청소원,대졸,원룸/고시원,안보,한동훈,5,반드시,진보,민주당,무관심
545,오학수,남,70,구포3동,택시기사,전문대졸,아파트,안보,미정,1,반드시,중도,없음(첫투표),감정적
546,신태호,남,26,덕천1동,간호사,대학원졸,아파트,부동산,하정우,3,반드시,보수,국민의힘,논리적
547,강예준,남,36,구포2동,청소원,대학원졸,단독주택,부동산,한동훈,5,아마도,보수,개혁신당,논리적
548,권태호,남,41,만덕3동,청소원,대졸,아파트,교육,박민식,4,아마도,보수,국민의힘,논리적
549,한봉수,남,75,덕천3동,은행원,고졸,아파트,부동산,한동훈,4,반드시,진보,민주당,무관심
550,최판수,남,65,구포1동,배달기사,고졸,빌라/연립,안보,박민식,3,아마도,보수,국민의힘,적극적
551,김말례,여,69,구포2동,배달기사,전문대졸,빌라/연립,안보,미정,1,모름,보수,국민의힘,무관심
552,최덕수,남,56,구포2동,택시기사,전문대졸,빌라/연립,안보,미정,1,아마도,진보,민주당,감정적
553,권분자,여,86,덕천1동,공무원,전문대졸,아파트,복지,하정우,5,반드시,중도,없음(첫투표),무관심
554,류지영,여,30,덕천1동,관리직,고졸,빌라/연립,교육,박민식,3,반드시,중도,기타,적극적
555,신길동,남,58,덕천3동,관리직,대졸,아파트,안보,박민식,4,반드시,보수,국민의힘,논리적
556,강광수,남,79,만덕2동,무직,고졸,단독주택,복지,한동훈,4,반드시,진보,민주당,적극적
557,신미숙,여,69,만덕3동,배달기사,고졸,빌라/연립,일자리,한동훈,4,아마도,보수,기타,소극적
558,이기태,남,64,덕천2동,전문직,전문대졸,빌라/연립,복지,박민식,4,반드시,진보,민주당,소극적
559,안용철,남,66,덕천1동,간호사,중졸,빌라/연립,복지,한동훈,4,아마도,보수,국민의힘,적극적
560,장준호,남,23,구포2동,자영업자,전문대졸,빌라/연립,안보,미정,1,모름,진보,민주당,적극적
561,전지수,여,45,만덕2동,생산직,대졸,빌라/연립,교육,하정우,5,반드시,진보,민주당,논리적
562,윤나영,여,26,구포1동,배달기사,대졸,원룸/고시원,일자리,하정우,3,아마도,진보,조국혁신당,무관심
563,정금순,여,71,만덕2동,식당주인,중졸,아파트,부동산,한동훈,3,반드시,보수,국민의힘,소극적
564,최병수,남,65,덕천1동,교사,고졸,빌라/연립,안보,한동훈,4,반드시,중도,국민의힘,적극적
565,권명자,여,68,덕천2동,엔지니어,전문대졸,빌라/연립,안보,한동훈,4,반드시,보수,없음(첫투표),감정적
566,송학수,남,63,구포2동,자영업자,전문대졸,빌라/연립,복지,박민식,3,반드시,보수,국민의힘,소극적
567,강현주,여,52,구포1동,무직,고졸,단독주택,부동산,미정,2,아마도,진보,기타,논리적
568,류서연,여,32,덕천2동,공무원,대졸,아파트,부동산,박민식,4,반드시,보수,국민의힘,감정적
569,윤경호,남,63,덕천1동,관리직,전문대졸,아파트,안보,한동훈,3,반드시,중도,없음(첫투표),논리적
570,박분례,여,57,덕천3동,간호사,대졸,아파트,안보,하정우,3,반드시,진보,민주당,적극적
571,조은지,여,45,만덕3동,자영업자,전문대졸,빌라/연립,복지,하정우,5,아마도,진보,민주당,소극적
572,이지수,여,26,구포3동,건설노동자,대졸,빌라/연립,교육,한동훈,4,반드시,보수,국민의힘,무관심
573,신동현,남,49,구포2동,편의점운영,고졸,아파트,복지,박민식,4,모름,보수,국민의힘,무관심
574,전대현,남,20,구포3동,택시기사,전문대졸,아파트,일자리,하정우,4,반드시,진보,민주당,논리적
575,윤순희,여,75,덕천1동,엔지니어,고졸,빌라/연립,안보,박민식,5,반드시,중도,국민의힘,무관심
576,안서연,여,22,덕천3동,간호사,전문대졸,아파트,교육,하정우,4,아마도,진보,민주당,소극적
577,윤영숙,여,66,만덕2동,식당주인,고졸,단독주택,안보,하정우,3,아마도,보수,국민의힘,논리적
578,임서윤,여,46,구포3동,청소원,전문대졸,단독주택,부동산,박민식,5,반드시,중도,국민의힘,소극적
579,조우진,남,29,만덕3동,일용직,전문대졸,단독주택,교육,박민식,5,반드시,보수,국민의힘,무관심
580,이미숙,여,82,구포2동,무직,고졸,단독주택,복지,한동훈,3,아마도,중도,국민의힘,감정적
581,서시우,남,50,만덕2동,무직,고졸,단독주택,일자리,한동훈,4,반드시,보수,국민의힘,논리적
582,김복순,여,64,구포1동,택시기사,고졸,아파트,부동산,하정우,5,반드시,보수,국민의힘,소극적
583,강지안,여,42,덕천3동,은행원,대졸,빌라/연립,일자리,한동훈,4,아마도,보수,국민의힘,논리적
584,윤분자,여,75,덕천1동,자영업자,고졸,단독주택,안보,미정,1,모름,중도,국민의힘,감정적
585,윤갑순,여,59,덕천2동,회사원,전문대졸,아파트,복지,하정우,5,반드시,중도,국민의힘,소극적
586,정용철,남,69,구포1동,청소원,고졸,단독주택,부동산,한동훈,5,아마도,중도,기타,무관심
587,정도윤,남,37,구포3동,배달기사,고졸,원룸/고시원,교육,박민식,3,모름,보수,국민의힘,적극적
588,서현우,남,43,구포3동,일용직,전문대졸,단독주택,복지,한동훈,4,아마도,보수,기타,적극적
589,오현주,여,40,덕천1동,간호사,전문대졸,아파트,복지,박민식,5,반드시,보수,국민의힘,논리적
590,서길동,남,58,덕천3동,공무원,전문대졸,빌라/연립,안보,한동훈,5,반드시,보수,국민의힘,적극적
591,황나영,여,40,덕천3동,관리직,전문대졸,아파트,부동산,한동훈,4,아마도,보수,국민의힘,논리적
592,신나영,여,49,만덕2동,무직,전문대졸,아파트,안보,박민식,3,모름,보수,국민의힘,적극적
593,최예준,남,21,만덕2동,자영업자,대졸,단독주택,일자리,한동훈,3,반드시,진보,민주당,소극적
594,권시우,남,44,덕천3동,전문직,전문대졸,빌라/연립,부동산,한동훈,5,아마도,중도,민주당,적극적
595,서소희,여,22,만덕2동,일용직,대학원졸,빌라/연립,교육,하정우,5,안할것,보수,국민의힘,소극적
596,류나영,여,31,구포3동,편의점운영,대졸,빌라/연립,일자리,하정우,3,반드시,진보,민주당,소극적
597,권영숙,여,86,덕천2동,은행원,대졸,빌라/연립,일자리,한동훈,5,반드시,중도,기타,소극적
598,서미진,여,36,구포1동,무직,대졸,빌라/연립,일자리,박민식,3,반드시,보수,국민의힘,적극적
599,안유진,여,54,구포2동,일용직,중졸,빌라/연립,부동산,하정우,3,아마도,중도,기타,감정적
600,류태호,남,44,구포2동,식당주인,대졸,원룸/고시원,교육,하정우,4,반드시,진보,기타,논리적
601,권갑순,여,86,만덕3동,자영업자,전문대졸,단독주택,부동산,미정,1,반드시,진보,정의당,논리적
602,조봉희,여,56,구포2동,자영업자,고졸,빌라/연립,일자리,하정우,4,반드시,진보,민주당,감정적
603,송춘자,여,66,덕천3동,간호사,전문대졸,단독주택,복지,한동훈,3,반드시,중도,국민의힘,적극적
604,한영숙,여,76,덕천2동,공무원,고졸,단독주택,부동산,한동훈,4,반드시,중도,국민의힘,소극적
605,박주원,남,36,구포3동,건설노동자,대졸,아파트,교육,한동훈,4,반드시,보수,국민의힘,논리적
606,정수진,여,54,만덕3동,생산직,전문대졸,단독주택,부동산,하정우,5,아마도,중도,국민의힘,감정적
607,박성민,남,38,덕천1동,관리직,대졸,빌라/연립,부동산,하정우,3,반드시,진보,민주당,무관심
608,박영자,여,64,구포3동,자영업자,고졸,단독주택,일자리,미정,1,모름,중도,기타,적극적
609,한지훈,남,36,덕천1동,간호사,대졸,빌라/연립,복지,하정우,5,반드시,진보,민주당,논리적
610,이시우,남,54,덕천2동,회사원,전문대졸,아파트,복지,하정우,3,반드시,진보,없음(첫투표),논리적
611,전예준,남,51,덕천3동,주부,대졸,단독주택,일자리,한동훈,4,반드시,보수,기타,논리적
612,황순희,여,62,구포3동,상인,고졸,빌라/연립,복지,하정우,3,반드시,진보,민주당,논리적
613,황영자,여,67,덕천1동,교사,대졸,단독주택,안보,박민식,4,아마도,중도,국민의힘,소극적
614,최복순,여,69,구포3동,택시기사,대졸,아파트,복지,미정,1,모름,중도,기타,감정적
615,임지훈,남,42,만덕3동,배달기사,전문대졸,단독주택,교육,미정,1,아마도,진보,민주당,논리적
616,황민준,남,39,만덕3동,배달기사,대졸,아파트,부동산,하정우,5,반드시,진보,민주당,적극적
617,황철호,남,71,만덕2동,무직,대졸,빌라/연립,안보,하정우,3,아마도,진보,민주당,소극적
618,송덕수,남,65,덕천3동,은행원,고졸,아파트,부동산,하정우,4,반드시,보수,기타,무관심
619,조귀순,여,66,구포2동,식당주인,대졸,아파트,복지,박민식,3,반드시,보수,국민의힘,감정적
620,황진수,남,45,구포3동,식당주인,대졸,아파트,부동산,미정,1,안할것,진보,민주당,무관심
621,황대현,남,45,구포2동,배달기사,전문대졸,단독주택,복지,하정우,3,아마도,진보,민주당,적극적
622,이시우,남,29,구포3동,식당주인,대학원졸,원룸/고시원,안보,박민식,4,반드시,보수,국민의힘,무관심
623,황영숙,여,74,만덕2동,택시기사,고졸,빌라/연립,복지,한동훈,4,반드시,보수,국민의힘,소극적
624,장현주,여,35,구포2동,상인,전문대졸,아파트,부동산,한동훈,4,반드시,보수,국민의힘,논리적
625,윤춘자,여,63,덕천1동,관리직,중졸,아파트,안보,미정,1,모름,진보,민주당,감정적
626,김유진,여,33,덕천3동,교사,대졸,아파트,교육,박민식,4,반드시,보수,국민의힘,적극적
627,안말례,여,60,구포3동,일용직,고졸,아파트,복지,한동훈,4,반드시,보수,국민의힘,감정적
628,임경순,여,68,만덕3동,가사도우미,대졸,아파트,복지,한동훈,4,반드시,보수,기타,무관심
629,권상민,남,36,만덕2동,무직,대졸,단독주택,일자리,하정우,4,반드시,중도,개혁신당,소극적
630,권광수,남,68,만덕3동,청소원,고졸,단독주택,부동산,미정,1,아마도,중도,민주당,소극적
631,한지훈,남,45,만덕2동,식당주인,고졸,아파트,복지,박민식,3,모름,보수,국민의힘,적극적
632,김복순,여,62,덕천2동,관리직,대졸,아파트,일자리,미정,1,안할것,보수,국민의힘,감정적
633,박옥순,여,63,구포3동,청소원,전문대졸,아파트,부동산,하정우,5,반드시,진보,민주당,적극적
634,황학수,남,73,구포1동,청소원,중졸,빌라/연립,복지,박민식,5,반드시,보수,없음(첫투표),감정적
635,오영자,여,57,덕천3동,교사,고졸,단독주택,부동산,미정,1,안할것,중도,개혁신당,적극적
636,이철호,남,59,구포3동,자영업자,대졸,빌라/연립,부동산,하정우,5,안할것,중도,개혁신당,적극적
637,장시우,남,23,구포2동,택시기사,대졸,아파트,일자리,박민식,3,아마도,진보,민주당,논리적
638,송순희,여,60,구포2동,건설노동자,고졸,빌라/연립,안보,한동훈,4,아마도,중도,기타,무관심
639,오영숙,여,61,구포2동,자영업자,고졸,빌라/연립,안보,한동훈,5,아마도,중도,기타,무관심
640,조길동,남,84,덕천3동,간호사,전문대졸,단독주택,안보,한동훈,5,반드시,보수,기타,적극적
641,안하은,여,35,덕천2동,전문직,전문대졸,빌라/연립,일자리,하정우,4,모름,진보,없음(첫투표),적극적
642,한학수,남,68,만덕2동,택시기사,고졸,단독주택,복지,하정우,4,반드시,중도,없음(첫투표),적극적
643,류경호,남,79,구포2동,건설노동자,고졸,아파트,일자리,하정우,5,안할것,진보,민주당,적극적
644,오분자,여,64,덕천3동,전문직,고졸,아파트,일자리,하정우,3,모름,진보,민주당,소극적
645,한봉희,여,81,구포1동,일용직,고졸,아파트,복지,한동훈,4,반드시,보수,국민의힘,소극적
646,송하은,여,50,만덕2동,청소원,대졸,단독주택,일자리,박민식,4,아마도,중도,없음(첫투표),감정적
647,권만수,남,69,덕천3동,간호사,전문대졸,아파트,복지,하정우,5,아마도,중도,국민의힘,소극적
648,류분례,여,67,만덕2동,택시기사,고졸,빌라/연립,복지,박민식,4,반드시,진보,민주당,적극적
649,윤은혜,여,46,덕천3동,엔지니어,전문대졸,아파트,복지,하정우,4,모름,중도,국민의힘,소극적
650,조기태,남,74,만덕2동,가사도우미,전문대졸,빌라/연립,부동산,박민식,4,아마도,보수,개혁신당,감정적
651,조예준,남,47,구포2동,무직,전문대졸,아파트,일자리,미정,1,모름,중도,기타,논리적
652,오민준,남,21,만덕2동,경비원,대학원졸,단독주택,부동산,한동훈,5,반드시,진보,민주당,무관심
653,윤나영,여,52,덕천2동,간호사,대졸,아파트,부동산,하정우,5,반드시,중도,국민의힘,소극적
654,박민지,여,51,덕천1동,자영업자,전문대졸,단독주택,교육,한동훈,3,반드시,보수,기타,논리적
655,한성진,남,46,덕천3동,간호사,전문대졸,아파트,부동산,하정우,4,반드시,진보,민주당,논리적
656,조만수,남,63,구포1동,청소원,고졸,아파트,부동산,박민식,4,아마도,보수,국민의힘,감정적
657,신건우,남,19,덕천3동,전문직,대졸,빌라/연립,일자리,한동훈,4,반드시,보수,없음(첫투표),무관심
658,최영자,여,69,구포2동,식당주인,전문대졸,빌라/연립,복지,박민식,4,반드시,보수,민주당,적극적
659,윤영숙,여,57,만덕2동,자영업자,중졸,단독주택,복지,하정우,4,아마도,보수,국민의힘,감정적
660,송미숙,여,87,만덕2동,식당주인,고졸,아파트,안보,하정우,4,반드시,진보,민주당,소극적
661,서건우,남,22,구포2동,일용직,대졸,아파트,부동산,미정,2,모름,중도,국민의힘,소극적
662,박우진,남,50,만덕2동,택시기사,대졸,아파트,교육,한동훈,4,반드시,중도,국민의힘,소극적
663,윤채원,여,46,만덕2동,자영업자,전문대졸,빌라/연립,일자리,한동훈,3,아마도,보수,국민의힘,무관심
664,권주원,남,52,만덕2동,무직,고졸,단독주택,부동산,미정,2,모름,진보,민주당,소극적
665,조봉희,여,61,구포1동,자영업자,고졸,아파트,안보,한동훈,4,반드시,중도,개혁신당,소극적
666,김성진,남,50,만덕3동,자영업자,대졸,단독주택,일자리,한동훈,5,반드시,중도,국민의힘,적극적
667,안계순,여,85,덕천2동,관리직,고졸,아파트,일자리,하정우,4,반드시,진보,민주당,감정적
668,이판수,남,77,덕천1동,엔지니어,대졸,아파트,안보,한동훈,5,반드시,중도,민주당,무관심
669,류은혜,여,40,만덕2동,청소원,전문대졸,아파트,교육,하정우,4,아마도,진보,민주당,감정적
670,신상민,남,37,덕천3동,주부,대학원졸,아파트,복지,박민식,5,아마도,보수,기타,소극적
671,전분자,여,85,구포3동,택시기사,전문대졸,아파트,부동산,한동훈,5,아마도,진보,기타,적극적
672,최지훈,남,40,구포2동,택시기사,전문대졸,아파트,교육,하정우,5,반드시,중도,국민의힘,적극적
673,안서윤,여,37,구포3동,자영업자,대학원졸,단독주택,일자리,하정우,5,반드시,진보,정의당,소극적
674,장동현,남,52,구포2동,택시기사,전문대졸,단독주택,부동산,하정우,4,반드시,진보,민주당,무관심
675,서미진,여,45,구포2동,편의점운영,대졸,빌라/연립,교육,하정우,5,안할것,중도,기타,논리적
676,오재호,남,59,덕천2동,전문직,대졸,아파트,안보,미정,1,반드시,중도,국민의힘,감정적
677,한시우,남,26,구포1동,건설노동자,대졸,아파트,일자리,한동훈,3,아마도,보수,국민의힘,논리적
678,이봉희,여,72,덕천1동,간호사,대졸,아파트,교육,박민식,5,아마도,보수,국민의힘,소극적
679,윤재원,남,19,만덕3동,무직,고졸,단독주택,교육,한동훈,4,모름,중도,국민의힘,논리적
680,신상민,남,18,덕천3동,엔지니어,대졸,아파트,부동산,한동훈,3,아마도,중도,민주당,무관심
681,박재호,남,59,구포1동,배달기사,고졸,아파트,부동산,박민식,4,아마도,보수,국민의힘,논리적
682,송성진,남,49,구포2동,식당주인,대졸,단독주택,안보,하정우,4,아마도,보수,기타,감정적
683,전정숙,여,82,구포3동,일용직,고졸,빌라/연립,부동산,하정우,3,반드시,중도,국민의힘,감정적
684,신용철,남,68,덕천2동,은행원,고졸,아파트,복지,하정우,4,반드시,진보,민주당,무관심
685,송상민,남,27,덕천1동,공무원,대졸,단독주택,일자리,박민식,4,아마도,보수,국민의힘,무관심
686,임지영,여,30,만덕2동,배달기사,대졸,단독주택,교육,한동훈,4,반드시,보수,기타,논리적
687,윤순자,여,72,구포3동,편의점운영,전문대졸,아파트,부동산,한동훈,3,반드시,보수,국민의힘,무관심
688,조도윤,남,54,구포2동,편의점운영,전문대졸,단독주택,일자리,하정우,5,반드시,진보,민주당,논리적
689,오금순,여,63,덕천1동,엔지니어,고졸,빌라/연립,안보,미정,2,아마도,중도,국민의힘,적극적
690,오창수,남,65,덕천2동,은행원,고졸,빌라/연립,복지,한동훈,4,반드시,보수,국민의힘,감정적
691,전분례,여,63,덕천1동,자영업자,전문대졸,아파트,안보,하정우,3,아마도,진보,민주당,무관심
692,최미숙,여,66,구포2동,일용직,대졸,아파트,복지,하정우,5,반드시,진보,민주당,적극적
693,신계순,여,77,구포3동,무직,중졸,빌라/연립,부동산,미정,1,아마도,진보,민주당,무관심
694,강창수,남,69,구포2동,식당주인,중졸,빌라/연립,일자리,하정우,3,반드시,진보,조국혁신당,적극적
695,최은지,여,41,구포3동,식당주인,전문대졸,아파트,부동산,박민식,4,아마도,진보,민주당,논리적
696,정우진,남,29,만덕2동,자영업자,전문대졸,빌라/연립,부동산,박민식,4,아마도,진보,없음(첫투표),무관심
697,조지안,여,49,구포1동,무직,대학원졸,아파트,교육,박민식,3,반드시,보수,국민의힘,논리적
698,박수아,여,30,만덕3동,청소원,대졸,단독주택,일자리,하정우,4,반드시,진보,민주당,무관심
699,송영호,남,56,만덕2동,자영업자,고졸,단독주택,교육,한동훈,3,안할것,진보,없음(첫투표),감정적
700,황말순,여,60,구포1동,상인,대졸,단독주택,부동산,하정우,5,반드시,보수,국민의힘,감정적
701,조예준,남,45,만덕3동,청소원,대졸,빌라/연립,부동산,하정우,4,안할것,진보,기타,무관심
702,송귀순,여,66,덕천2동,은행원,전문대졸,단독주택,복지,미정,1,반드시,진보,정의당,감정적
703,최복순,여,78,구포2동,편의점운영,중졸,아파트,안보,박민식,5,아마도,중도,개혁신당,무관심
704,장갑순,여,76,만덕3동,식당주인,고졸,단독주택,복지,박민식,3,아마도,보수,국민의힘,소극적
705,류동현,남,46,구포3동,배달기사,대졸,빌라/연립,복지,하정우,4,아마도,보수,국민의힘,적극적
706,조춘자,여,69,만덕3동,청소원,대졸,빌라/연립,일자리,하정우,5,모름,중도,기타,소극적
707,박재민,남,26,만덕2동,생산직,대졸,아파트,일자리,하정우,4,반드시,진보,민주당,적극적
708,정상민,남,26,덕천1동,공무원,대졸,아파트,교육,한동훈,3,반드시,진보,민주당,감정적
709,강유진,여,51,덕천2동,엔지니어,고졸,아파트,복지,한동훈,4,모름,중도,민주당,소극적
710,류계순,여,60,덕천2동,전문직,중졸,빌라/연립,복지,미정,1,반드시,중도,민주당,논리적
711,조진수,남,27,구포1동,배달기사,대학원졸,아파트,안보,하정우,4,아마도,진보,민주당,무관심
712,전지혜,여,49,만덕2동,청소원,고졸,빌라/연립,복지,하정우,5,반드시,중도,국민의힘,감정적
713,임유진,여,52,덕천1동,관리직,고졸,아파트,복지,미정,2,모름,중도,민주당,논리적
714,박순희,여,68,덕천3동,엔지니어,고졸,아파트,복지,하정우,5,반드시,중도,민주당,소극적
715,신용철,남,74,만덕3동,무직,고졸,빌라/연립,안보,미정,1,반드시,보수,국민의힘,무관심
716,권지혜,여,19,만덕2동,식당주인,대졸,아파트,일자리,미정,2,반드시,중도,기타,소극적
717,류만수,남,78,구포1동,자영업자,중졸,아파트,복지,한동훈,3,반드시,보수,민주당,무관심
718,조성민,남,36,덕천3동,관리직,전문대졸,빌라/연립,부동산,하정우,4,아마도,진보,조국혁신당,적극적
719,권성진,남,44,덕천3동,주부,대졸,단독주택,일자리,하정우,4,아마도,진보,민주당,논리적
720,서지수,여,44,만덕3동,경비원,대학원졸,빌라/연립,부동산,하정우,4,안할것,중도,국민의힘,논리적
721,정동현,남,27,만덕2동,가사도우미,고졸,빌라/연립,일자리,박민식,5,반드시,보수,국민의힘,논리적
722,류현우,남,52,구포2동,자영업자,대졸,빌라/연립,복지,한동훈,4,아마도,보수,국민의힘,무관심
723,황지혜,여,49,덕천2동,간호사,전문대졸,빌라/연립,복지,하정우,3,반드시,보수,기타,적극적
724,윤채원,여,35,구포1동,상인,대졸,빌라/연립,일자리,박민식,4,모름,보수,국민의힘,논리적
725,오봉희,여,81,구포3동,배달기사,전문대졸,단독주택,안보,하정우,4,반드시,진보,조국혁신당,무관심
726,송민준,남,33,덕천1동,은행원,대학원졸,아파트,부동산,하정우,5,반드시,진보,기타,논리적
727,윤길동,남,60,구포2동,배달기사,고졸,단독주택,일자리,하정우,5,반드시,진보,민주당,소극적
728,정채원,여,52,구포3동,일용직,대졸,빌라/연립,부동산,하정우,3,모름,중도,민주당,적극적
729,윤유진,여,33,만덕3동,가사도우미,대학원졸,빌라/연립,교육,박민식,4,반드시,진보,민주당,논리적
730,이은지,여,51,구포3동,택시기사,고졸,빌라/연립,교육,박민식,4,반드시,보수,국민의힘,소극적
731,김경호,남,86,덕천2동,전문직,대졸,아파트,안보,한동훈,4,반드시,중도,없음(첫투표),소극적
732,한학수,남,63,덕천2동,교사,전문대졸,아파트,일자리,하정우,5,반드시,진보,조국혁신당,적극적
733,윤재민,남,53,구포2동,상인,고졸,빌라/연립,부동산,미정,2,모름,중도,국민의힘,소극적
734,윤분자,여,66,구포2동,청소원,대졸,빌라/연립,부동산,미정,1,반드시,중도,민주당,감정적
735,이영호,남,68,덕천2동,엔지니어,대졸,단독주택,안보,한동훈,4,반드시,중도,없음(첫투표),감정적
736,장경호,남,69,구포2동,건설노동자,대졸,아파트,일자리,박민식,5,모름,진보,민주당,적극적
737,송정숙,여,69,구포2동,청소원,고졸,단독주택,일자리,미정,2,모름,진보,기타,감정적
738,최지안,여,52,덕천2동,간호사,고졸,아파트,복지,미정,1,아마도,진보,기타,감정적
739,임봉수,남,66,덕천2동,관리직,중졸,단독주택,복지,하정우,5,반드시,보수,민주당,소극적
740,송수연,여,53,구포3동,배달기사,대졸,빌라/연립,복지,한동훈,5,아마도,중도,국민의힘,논리적
741,황대현,남,54,만덕3동,택시기사,대졸,아파트,일자리,하정우,4,반드시,진보,민주당,소극적
742,황분례,여,62,덕천3동,간호사,전문대졸,아파트,일자리,한동훈,4,반드시,진보,민주당,무관심
743,이귀순,여,65,구포1동,건설노동자,고졸,빌라/연립,부동산,하정우,5,아마도,진보,조국혁신당,무관심
744,이성호,남,35,구포1동,편의점운영,대졸,단독주택,안보,한동훈,5,반드시,보수,기타,적극적
745,한종수,남,81,구포1동,일용직,중졸,원룸/고시원,안보,하정우,5,반드시,진보,민주당,무관심
746,박판수,남,88,만덕2동,생산직,전문대졸,빌라/연립,복지,미정,2,반드시,보수,없음(첫투표),무관심
747,안춘자,여,69,만덕2동,가사도우미,중졸,아파트,안보,한동훈,5,반드시,보수,국민의힘,적극적
748,권소희,여,49,구포2동,일용직,전문대졸,빌라/연립,일자리,한동훈,3,아마도,보수,없음(첫투표),무관심
749,권귀순,여,86,구포3동,상인,고졸,빌라/연립,부동산,한동훈,5,아마도,중도,개혁신당,무관심
750,박말순,여,72,만덕3동,경비원,고졸,단독주택,안보,하정우,5,모름,진보,없음(첫투표),적극적
751,장학수,남,58,만덕2동,식당주인,고졸,아파트,일자리,박민식,5,반드시,보수,국민의힘,소극적
752,정유진,여,47,구포3동,건설노동자,대졸,빌라/연립,안보,미정,1,안할것,보수,국민의힘,무관심
753,강대현,남,27,덕천1동,회사원,대졸,아파트,복지,한동훈,4,아마도,중도,국민의힘,논리적
754,서지훈,남,51,만덕3동,가사도우미,대졸,단독주택,일자리,하정우,4,반드시,중도,민주당,무관심
755,한예준,남,33,만덕3동,생산직,대졸,빌라/연립,일자리,미정,2,안할것,중도,국민의힘,논리적
756,신나영,여,32,만덕2동,자영업자,대학원졸,단독주택,복지,한동훈,4,반드시,보수,없음(첫투표),소극적
757,장철호,남,67,만덕3동,배달기사,고졸,빌라/연립,안보,하정우,4,반드시,진보,민주당,무관심
758,윤영호,남,63,만덕2동,무직,전문대졸,아파트,일자리,하정우,4,반드시,진보,민주당,감정적
759,권학수,남,85,만덕2동,자영업자,고졸,아파트,일자리,미정,2,반드시,진보,민주당,무관심
760,이하은,여,33,만덕2동,자영업자,대졸,빌라/연립,교육,하정우,4,모름,보수,국민의힘,소극적
761,황순희,여,59,덕천1동,회사원,고졸,아파트,안보,하정우,4,아마도,중도,국민의힘,논리적
762,안현우,남,27,만덕2동,자영업자,고졸,단독주택,일자리,한동훈,5,모름,보수,국민의힘,무관심
763,신동현,남,39,만덕2동,식당주인,대졸,단독주택,교육,미정,1,모름,진보,민주당,무관심
764,전창수,남,72,구포1동,배달기사,전문대졸,빌라/연립,안보,박민식,4,반드시,보수,국민의힘,적극적
765,안분자,여,68,구포2동,무직,고졸,아파트,안보,하정우,3,안할것,진보,조국혁신당,소극적
766,오말순,여,73,만덕3동,배달기사,전문대졸,아파트,일자리,박민식,3,아마도,보수,국민의힘,감정적
767,안말순,여,60,구포1동,택시기사,전문대졸,빌라/연립,부동산,박민식,4,반드시,보수,개혁신당,소극적
768,정성민,남,34,구포2동,자영업자,대졸,아파트,부동산,박민식,4,반드시,보수,민주당,적극적
769,강대현,남,20,구포1동,배달기사,대졸,빌라/연립,일자리,하정우,4,반드시,진보,민주당,소극적
770,임병수,남,62,덕천3동,관리직,중졸,아파트,부동산,한동훈,4,반드시,중도,개혁신당,소극적
771,조수진,여,50,만덕2동,청소원,중졸,단독주택,교육,한동훈,5,반드시,중도,민주당,감정적
772,강명자,여,59,만덕2동,무직,대졸,단독주택,부동산,하정우,5,반드시,진보,조국혁신당,소극적
773,권봉희,여,88,구포2동,건설노동자,고졸,빌라/연립,복지,하정우,4,반드시,진보,민주당,감정적
774,박수연,여,52,만덕2동,경비원,전문대졸,단독주택,부동산,미정,2,모름,보수,국민의힘,감정적
775,이태식,남,71,구포2동,자영업자,중졸,아파트,일자리,한동훈,3,아마도,보수,개혁신당,감정적
776,이길동,남,69,덕천1동,주부,고졸,단독주택,교육,미정,2,반드시,보수,국민의힘,소극적
777,김성민,남,37,만덕3동,자영업자,전문대졸,빌라/연립,부동산,하정우,5,반드시,중도,민주당,무관심
778,장영자,여,76,만덕3동,식당주인,전문대졸,단독주택,안보,하정우,4,반드시,중도,기타,소극적
779,장영자,여,67,만덕3동,자영업자,전문대졸,아파트,복지,하정우,5,반드시,보수,국민의힘,무관심
780,안말순,여,72,만덕3동,일용직,고졸,아파트,일자리,한동훈,3,반드시,보수,국민의힘,소극적
781,김소희,여,36,덕천1동,전문직,대학원졸,아파트,부동산,하정우,4,아마도,진보,민주당,논리적
782,김수연,여,25,구포3동,무직,대학원졸,단독주택,일자리,한동훈,5,아마도,보수,민주당,무관심
783,신학수,남,64,구포1동,식당주인,고졸,빌라/연립,복지,하정우,5,반드시,중도,없음(첫투표),논리적
784,류금순,여,84,만덕2동,생산직,중졸,단독주택,부동산,박민식,5,반드시,보수,국민의힘,논리적
785,임건우,남,27,구포2동,택시기사,전문대졸,원룸/고시원,일자리,하정우,4,반드시,중도,국민의힘,논리적
786,신철호,남,85,만덕3동,식당주인,고졸,아파트,부동산,하정우,5,아마도,진보,민주당,감정적
787,신유진,여,54,만덕2동,무직,대졸,아파트,교육,한동훈,4,아마도,중도,민주당,무관심
788,강은혜,여,54,구포1동,식당주인,고졸,원룸/고시원,부동산,하정우,3,모름,진보,민주당,논리적
789,정유진,여,42,만덕3동,청소원,대졸,아파트,일자리,하정우,5,반드시,보수,국민의힘,적극적
790,신용철,남,56,구포2동,건설노동자,고졸,단독주택,부동산,하정우,4,반드시,중도,없음(첫투표),무관심
791,서광수,남,68,만덕3동,택시기사,중졸,아파트,복지,한동훈,5,반드시,보수,국민의힘,무관심
792,정정호,남,68,덕천1동,엔지니어,대졸,빌라/연립,복지,한동훈,5,반드시,보수,국민의힘,감정적
793,류병수,남,74,구포2동,택시기사,중졸,빌라/연립,안보,하정우,4,모름,중도,민주당,감정적
794,최기태,남,58,만덕2동,배달기사,중졸,빌라/연립,일자리,하정우,4,반드시,진보,기타,논리적
795,송상민,남,35,구포2동,건설노동자,대졸,원룸/고시원,교육,박민식,4,아마도,보수,국민의힘,논리적
796,한수연,여,38,구포3동,배달기사,대졸,아파트,부동산,미정,1,모름,진보,민주당,감정적
797,정미숙,여,67,구포2동,건설노동자,전문대졸,빌라/연립,부동산,하정우,3,반드시,진보,없음(첫투표),감정적
798,정재원,남,38,덕천3동,관리직,대졸,빌라/연립,복지,한동훈,5,반드시,중도,국민의힘,적극적
799,전정숙,여,86,만덕2동,생산직,고졸,아파트,복지,한동훈,4,아마도,보수,국민의힘,소극적
800,권학수,남,69,구포3동,청소원,고졸,원룸/고시원,복지,하정우,4,아마도,진보,민주당,무관심
801,신지혜,여,30,구포3동,배달기사,전문대졸,빌라/연립,일자리,하정우,4,반드시,진보,민주당,적극적
802,전동현,남,20,구포2동,일용직,대졸,단독주택,교육,한동훈,4,아마도,진보,민주당,소극적
803,장재원,남,31,구포2동,무직,대졸,아파트,일자리,하정우,4,모름,중도,없음(첫투표),논리적
804,김옥순,여,66,구포2동,배달기사,고졸,아파트,안보,박민식,4,반드시,보수,국민의힘,감정적
805,장유진,여,52,구포3동,택시기사,고졸,원룸/고시원,부동산,박민식,3,반드시,보수,없음(첫투표),감정적
806,황봉희,여,66,구포2동,무직,대졸,아파트,일자리,박민식,3,반드시,보수,국민의힘,적극적
807,윤서연,여,45,구포1동,건설노동자,대학원졸,단독주택,안보,한동훈,3,모름,중도,기타,소극적
808,최지훈,남,44,만덕2동,택시기사,대졸,아파트,일자리,하정우,4,안할것,진보,민주당,적극적
809,이민지,여,41,만덕2동,청소원,전문대졸,단독주택,복지,박민식,4,아마도,보수,국민의힘,소극적
810,강미진,여,45,만덕3동,식당주인,전문대졸,아파트,복지,하정우,4,아마도,진보,민주당,소극적
811,서주원,남,52,구포2동,청소원,고졸,원룸/고시원,부동산,하정우,5,반드시,진보,민주당,논리적
812,윤지영,여,28,덕천3동,엔지니어,전문대졸,아파트,일자리,미정,2,안할것,보수,민주당,무관심
813,최창수,남,72,구포2동,무직,대졸,아파트,복지,박민식,4,아마도,보수,국민의힘,적극적
814,조분자,여,86,덕천2동,공무원,중졸,단독주택,안보,박민식,4,반드시,보수,개혁신당,무관심
815,임동현,남,44,덕천3동,엔지니어,고졸,아파트,교육,박민식,5,아마도,보수,국민의힘,감정적
816,오성호,남,49,구포3동,건설노동자,고졸,빌라/연립,일자리,박민식,3,반드시,보수,국민의힘,적극적
817,서도윤,남,53,구포2동,편의점운영,전문대졸,단독주택,복지,하정우,4,아마도,보수,국민의힘,논리적
818,류하은,여,22,구포3동,일용직,전문대졸,빌라/연립,일자리,미정,1,아마도,보수,국민의힘,논리적
819,최대현,남,35,구포2동,자영업자,대졸,빌라/연립,교육,박민식,3,안할것,진보,민주당,감정적
820,강학수,남,64,구포2동,배달기사,전문대졸,빌라/연립,부동산,박민식,3,아마도,보수,기타,소극적
821,황은혜,여,21,구포3동,청소원,대졸,단독주택,일자리,한동훈,5,반드시,중도,민주당,감정적
822,류성민,남,53,만덕2동,택시기사,고졸,아파트,일자리,박민식,4,아마도,보수,국민의힘,적극적
823,조분자,여,63,구포1동,일용직,대졸,빌라/연립,복지,미정,1,모름,중도,국민의힘,소극적
824,임성민,남,42,만덕2동,식당주인,대졸,단독주택,부동산,하정우,4,반드시,진보,민주당,논리적
825,송진수,남,51,만덕3동,식당주인,대졸,단독주택,일자리,박민식,4,아마도,중도,개혁신당,감정적
826,박말례,여,68,구포2동,택시기사,전문대졸,단독주택,복지,박민식,4,반드시,보수,국민의힘,감정적
827,임명수,남,67,만덕3동,청소원,대졸,빌라/연립,복지,하정우,5,아마도,보수,기타,소극적
828,정말순,여,59,만덕2동,생산직,전문대졸,아파트,일자리,하정우,4,반드시,중도,없음(첫투표),논리적
829,송나영,여,26,덕천1동,전문직,대졸,단독주택,일자리,하정우,5,아마도,보수,국민의힘,소극적
830,윤종수,남,69,구포1동,건설노동자,중졸,단독주택,부동산,하정우,5,반드시,진보,민주당,적극적
831,장은혜,여,52,덕천2동,주부,고졸,빌라/연립,교육,박민식,3,반드시,보수,기타,적극적
832,황태호,남,53,만덕2동,택시기사,대졸,단독주택,교육,박민식,5,반드시,보수,국민의힘,무관심
833,임복순,여,69,구포3동,청소원,고졸,단독주택,안보,미정,1,반드시,진보,민주당,소극적
834,박창수,남,62,구포2동,무직,중졸,단독주택,안보,하정우,5,반드시,진보,민주당,감정적
835,김미숙,여,76,만덕2동,생산직,대졸,빌라/연립,부동산,한동훈,4,아마도,중도,개혁신당,감정적
836,조태호,남,38,구포3동,배달기사,대졸,빌라/연립,교육,한동훈,5,반드시,보수,국민의힘,소극적
837,전용철,남,74,만덕3동,자영업자,전문대졸,빌라/연립,안보,한동훈,3,반드시,진보,민주당,감정적
838,강기태,남,55,만덕2동,배달기사,전문대졸,빌라/연립,부동산,한동훈,3,아마도,중도,국민의힘,감정적
839,장순자,여,58,구포1동,일용직,고졸,빌라/연립,복지,미정,1,안할것,중도,기타,논리적
840,조서윤,여,34,만덕2동,경비원,대졸,아파트,일자리,한동훈,3,아마도,보수,국민의힘,논리적
841,장만수,남,66,만덕3동,자영업자,대졸,단독주택,복지,한동훈,4,반드시,보수,민주당,소극적
842,최말례,여,73,만덕2동,청소원,중졸,단독주택,안보,박민식,5,반드시,보수,국민의힘,감정적
843,권정호,남,62,덕천2동,주부,고졸,아파트,부동산,박민식,5,아마도,보수,국민의힘,적극적
844,한하은,여,47,만덕2동,생산직,대학원졸,빌라/연립,복지,한동훈,4,모름,중도,국민의힘,적극적
845,황금순,여,56,덕천3동,교사,전문대졸,아파트,부동산,하정우,4,반드시,중도,없음(첫투표),감정적
846,박갑순,여,55,구포3동,일용직,전문대졸,아파트,안보,박민식,5,아마도,진보,민주당,소극적
847,조진수,남,21,만덕2동,생산직,대졸,단독주택,교육,하정우,3,아마도,보수,국민의힘,소극적
848,장지훈,남,46,구포3동,일용직,대졸,빌라/연립,부동산,박민식,5,반드시,보수,없음(첫투표),적극적
849,정은지,여,18,구포1동,무직,대졸,원룸/고시원,부동산,한동훈,4,반드시,보수,국민의힘,적극적
850,조유진,여,20,구포1동,청소원,전문대졸,원룸/고시원,일자리,하정우,4,안할것,중도,민주당,무관심
851,류순희,여,59,만덕3동,청소원,대졸,단독주택,부동산,하정우,3,아마도,진보,민주당,적극적
852,신명자,여,75,만덕2동,일용직,고졸,단독주택,부동산,하정우,4,반드시,진보,조국혁신당,논리적
853,박만수,남,65,만덕3동,택시기사,고졸,아파트,복지,박민식,5,반드시,보수,국민의힘,무관심
854,전덕수,남,86,만덕2동,자영업자,전문대졸,단독주택,일자리,한동훈,4,모름,중도,국민의힘,적극적
855,한서연,여,48,만덕2동,경비원,대졸,단독주택,일자리,하정우,5,반드시,진보,민주당,논리적
856,권계순,여,62,덕천3동,간호사,고졸,단독주택,복지,하정우,5,반드시,중도,국민의힘,감정적
857,김수아,여,18,만덕3동,식당주인,대졸,단독주택,교육,한동훈,5,반드시,중도,기타,소극적
858,이혜진,여,51,구포2동,식당주인,대졸,빌라/연립,교육,하정우,3,아마도,진보,민주당,감정적
859,서성민,남,25,만덕2동,생산직,대졸,아파트,일자리,하정우,3,안할것,중도,민주당,무관심
860,송춘자,여,64,구포2동,건설노동자,고졸,아파트,일자리,한동훈,5,아마도,진보,민주당,무관심
861,신예준,남,32,구포3동,배달기사,대학원졸,빌라/연립,일자리,박민식,4,반드시,중도,국민의힘,소극적
862,한시우,남,37,덕천2동,전문직,대졸,아파트,부동산,하정우,4,반드시,보수,국민의힘,소극적
863,류상민,남,39,덕천1동,엔지니어,대학원졸,단독주택,일자리,박민식,5,반드시,보수,개혁신당,적극적
864,오명수,남,68,덕천1동,관리직,대졸,빌라/연립,복지,한동훈,5,반드시,보수,기타,소극적
865,윤주원,남,48,만덕2동,자영업자,대졸,빌라/연립,부동산,미정,1,반드시,진보,조국혁신당,적극적
866,임혜진,여,41,구포3동,상인,대학원졸,아파트,교육,한동훈,5,반드시,중도,국민의힘,적극적
867,한주원,남,34,덕천1동,공무원,대졸,아파트,교육,미정,1,아마도,중도,국민의힘,적극적
868,박재민,남,52,덕천2동,자영업자,고졸,아파트,복지,박민식,5,반드시,보수,국민의힘,감정적
869,서정숙,여,67,덕천3동,간호사,대졸,빌라/연립,복지,박민식,4,반드시,보수,국민의힘,무관심
870,이명수,남,83,만덕2동,가사도우미,전문대졸,빌라/연립,안보,한동훈,3,반드시,보수,국민의힘,감정적
871,전미진,여,37,만덕3동,배달기사,전문대졸,빌라/연립,교육,한동훈,4,안할것,보수,국민의힘,논리적
872,송복순,여,79,구포3동,편의점운영,대졸,단독주택,부동산,박민식,5,반드시,보수,국민의힘,소극적
873,신소희,여,38,덕천1동,은행원,대졸,아파트,복지,한동훈,4,아마도,보수,국민의힘,논리적
874,박봉수,남,79,만덕2동,가사도우미,고졸,단독주택,복지,하정우,4,반드시,중도,없음(첫투표),소극적
875,정수아,여,52,덕천1동,교사,전문대졸,아파트,부동산,미정,1,안할것,진보,기타,감정적
876,신성민,남,35,구포2동,식당주인,고졸,원룸/고시원,부동산,하정우,5,반드시,보수,국민의힘,적극적
877,정영철,남,58,덕천1동,공무원,전문대졸,빌라/연립,교육,박민식,5,반드시,보수,없음(첫투표),감정적
878,장유진,여,27,덕천3동,자영업자,대졸,빌라/연립,일자리,한동훈,3,반드시,진보,민주당,감정적
879,한갑순,여,81,만덕3동,청소원,고졸,빌라/연립,안보,하정우,4,반드시,보수,국민의힘,소극적
880,장지수,여,52,구포2동,택시기사,고졸,단독주택,부동산,한동훈,3,아마도,중도,기타,소극적
881,송수진,여,51,구포1동,편의점운영,전문대졸,아파트,일자리,하정우,5,반드시,중도,국민의힘,감정적
882,오미진,여,38,만덕3동,일용직,대졸,빌라/연립,부동산,박민식,3,반드시,보수,국민의힘,감정적
883,최영자,여,86,구포2동,택시기사,중졸,단독주택,부동산,박민식,4,반드시,보수,개혁신당,감정적
884,송순희,여,68,구포2동,편의점운영,고졸,단독주택,복지,하정우,5,안할것,진보,민주당,소극적
885,안수연,여,53,만덕3동,경비원,고졸,아파트,복지,하정우,5,반드시,진보,기타,적극적
886,김서윤,여,25,구포1동,무직,전문대졸,단독주택,일자리,하정우,4,반드시,진보,민주당,무관심
887,윤용철,남,75,만덕3동,무직,대졸,빌라/연립,부동산,박민식,5,반드시,보수,국민의힘,무관심
888,안서윤,여,48,만덕2동,생산직,전문대졸,아파트,교육,하정우,5,아마도,진보,조국혁신당,적극적
889,최영숙,여,59,덕천1동,간호사,고졸,아파트,복지,미정,2,아마도,중도,국민의힘,소극적
890,박봉수,남,84,덕천2동,관리직,고졸,아파트,교육,하정우,4,반드시,보수,국민의힘,무관심
891,권복순,여,57,구포2동,일용직,고졸,빌라/연립,일자리,미정,2,안할것,중도,국민의힘,감정적
892,윤시우,남,47,구포3동,청소원,대졸,아파트,일자리,한동훈,3,아마도,중도,국민의힘,적극적
893,최철호,남,75,구포3동,무직,고졸,원룸/고시원,부동산,하정우,5,반드시,중도,민주당,소극적
894,강경호,남,81,만덕2동,일용직,고졸,단독주택,안보,박민식,5,반드시,보수,국민의힘,소극적
895,임봉수,남,61,구포1동,상인,고졸,아파트,안보,하정우,4,모름,중도,국민의힘,무관심
896,전도윤,남,43,구포3동,건설노동자,고졸,아파트,일자리,하정우,5,아마도,진보,없음(첫투표),무관심
897,오기태,남,56,구포3동,식당주인,전문대졸,원룸/고시원,일자리,박민식,5,아마도,보수,국민의힘,적극적
898,안대현,남,37,구포1동,편의점운영,대졸,단독주택,일자리,미정,1,안할것,중도,국민의힘,무관심
899,신수아,여,30,만덕3동,청소원,고졸,빌라/연립,안보,하정우,5,반드시,보수,민주당,무관심
900,조정호,남,64,덕천2동,간호사,중졸,단독주택,안보,하정우,4,아마도,보수,개혁신당,감정적
901,임정숙,여,57,만덕3동,가사도우미,고졸,단독주택,교육,박민식,5,반드시,중도,민주당,적극적
902,한영철,남,64,덕천3동,간호사,고졸,아파트,복지,하정우,4,아마도,중도,없음(첫투표),소극적
903,황은지,여,54,구포1동,무직,대졸,아파트,부동산,미정,2,아마도,중도,국민의힘,감정적
904,최금순,여,84,구포3동,식당주인,중졸,빌라/연립,안보,박민식,4,안할것,보수,없음(첫투표),감정적
905,권명자,여,82,덕천3동,엔지니어,전문대졸,단독주택,부동산,박민식,3,아마도,보수,국민의힘,무관심
906,전나영,여,40,덕천2동,공무원,전문대졸,아파트,안보,하정우,3,반드시,진보,민주당,감정적
907,한만수,남,87,만덕3동,생산직,고졸,빌라/연립,교육,미정,1,반드시,진보,민주당,소극적
908,한준호,남,54,만덕2동,무직,전문대졸,단독주택,부동산,한동훈,3,반드시,중도,민주당,무관심
909,권덕수,남,65,덕천2동,은행원,전문대졸,아파트,일자리,하정우,5,아마도,진보,민주당,무관심
910,윤분례,여,81,구포2동,편의점운영,전문대졸,아파트,복지,하정우,5,반드시,보수,국민의힘,무관심
911,송대현,남,35,구포3동,무직,전문대졸,아파트,부동산,하정우,4,반드시,중도,민주당,무관심
912,박예준,남,41,구포3동,택시기사,전문대졸,아파트,부동산,한동훈,3,아마도,보수,국민의힘,소극적
913,장정숙,여,82,만덕2동,일용직,대졸,빌라/연립,안보,박민식,3,모름,중도,기타,소극적
914,권지수,여,21,구포3동,편의점운영,대졸,아파트,일자리,하정우,3,모름,보수,국민의힘,소극적
915,신지영,여,31,구포1동,일용직,대졸,아파트,복지,하정우,5,반드시,진보,조국혁신당,소극적
916,박성호,남,29,구포3동,택시기사,대졸,단독주택,교육,한동훈,5,반드시,보수,국민의힘,적극적
917,전은혜,여,35,구포1동,상인,대졸,단독주택,부동산,하정우,4,안할것,진보,조국혁신당,논리적
918,신명자,여,70,구포2동,배달기사,고졸,아파트,복지,박민식,5,반드시,보수,국민의힘,감정적
919,안정호,남,65,구포2동,일용직,고졸,단독주택,안보,한동훈,4,반드시,보수,국민의힘,소극적
920,김학수,남,88,덕천2동,관리직,고졸,아파트,복지,한동훈,3,반드시,중도,개혁신당,무관심
921,신민준,남,50,덕천1동,주부,전문대졸,아파트,일자리,한동훈,3,반드시,중도,국민의힘,적극적
922,황동현,남,46,구포1동,배달기사,고졸,빌라/연립,부동산,한동훈,4,모름,보수,국민의힘,소극적
923,신지훈,남,32,만덕2동,가사도우미,전문대졸,빌라/연립,교육,하정우,5,반드시,진보,민주당,논리적
924,최소희,여,37,덕천2동,자영업자,대학원졸,아파트,교육,박민식,3,반드시,보수,국민의힘,감정적
925,류지훈,남,39,만덕3동,배달기사,대졸,빌라/연립,부동산,미정,2,안할것,보수,없음(첫투표),무관심
926,정봉희,여,82,구포3동,자영업자,중졸,빌라/연립,복지,하정우,3,모름,진보,기타,무관심
927,조현주,여,31,구포2동,상인,대졸,빌라/연립,교육,박민식,4,아마도,중도,민주당,적극적
928,윤미진,여,28,만덕2동,배달기사,대졸,단독주택,일자리,미정,1,아마도,중도,국민의힘,적극적
929,윤덕수,남,80,구포1동,배달기사,고졸,단독주택,일자리,한동훈,3,모름,보수,국민의힘,무관심
930,류영철,남,86,만덕2동,배달기사,전문대졸,단독주택,복지,한동훈,3,모름,보수,기타,무관심
931,윤분례,여,66,만덕2동,자영업자,중졸,빌라/연립,안보,하정우,3,반드시,진보,민주당,소극적
932,안은혜,여,27,만덕2동,가사도우미,대졸,아파트,일자리,한동훈,4,모름,중도,국민의힘,적극적
933,정분례,여,64,만덕3동,배달기사,고졸,단독주택,부동산,하정우,4,반드시,중도,개혁신당,적극적
934,조지훈,남,52,구포1동,무직,대졸,단독주택,일자리,한동훈,4,반드시,중도,민주당,적극적
935,안말례,여,70,덕천2동,관리직,고졸,빌라/연립,부동산,한동훈,4,아마도,보수,국민의힘,적극적
936,김분자,여,62,만덕3동,자영업자,고졸,빌라/연립,부동산,하정우,4,반드시,진보,민주당,적극적
937,강봉수,남,67,만덕2동,식당주인,고졸,단독주택,복지,하정우,3,아마도,진보,민주당,소극적
938,장갑순,여,57,구포2동,건설노동자,전문대졸,빌라/연립,복지,하정우,4,아마도,보수,국민의힘,적극적
939,황병수,남,67,만덕2동,식당주인,고졸,빌라/연립,복지,하정우,3,안할것,진보,민주당,감정적
940,김수연,여,41,덕천1동,전문직,전문대졸,빌라/연립,일자리,하정우,4,안할것,중도,개혁신당,적극적
941,전영철,남,62,만덕3동,자영업자,대졸,빌라/연립,복지,미정,2,모름,중도,민주당,소극적
942,신나영,여,23,만덕3동,자영업자,대졸,단독주택,교육,박민식,4,반드시,보수,기타,적극적
943,강대현,남,23,만덕2동,자영업자,대졸,단독주택,교육,하정우,5,반드시,진보,조국혁신당,소극적
944,오광수,남,62,덕천2동,공무원,대졸,아파트,부동산,박민식,5,반드시,보수,국민의힘,감정적
945,김유진,여,19,구포1동,일용직,대졸,빌라/연립,일자리,박민식,4,반드시,보수,국민의힘,소극적
946,김춘자,여,60,덕천1동,관리직,고졸,단독주택,안보,미정,1,모름,중도,민주당,적극적
947,이순희,여,72,구포2동,일용직,중졸,빌라/연립,복지,박민식,4,반드시,보수,국민의힘,소극적
948,김순희,여,61,덕천1동,회사원,고졸,빌라/연립,안보,한동훈,5,반드시,보수,국민의힘,적극적
949,황준호,남,38,덕천2동,엔지니어,대졸,아파트,안보,한동훈,4,아마도,중도,국민의힘,적극적
950,권지훈,남,38,구포2동,식당주인,전문대졸,빌라/연립,일자리,박민식,4,반드시,중도,기타,소극적
951,임말례,여,72,구포3동,식당주인,고졸,아파트,부동산,한동훈,5,아마도,보수,없음(첫투표),감정적
952,정지혜,여,53,덕천3동,회사원,고졸,아파트,부동산,하정우,3,모름,진보,민주당,감정적
953,권분자,여,81,덕천1동,간호사,고졸,빌라/연립,복지,박민식,3,반드시,보수,기타,소극적
954,전영철,남,78,만덕2동,배달기사,고졸,단독주택,부동산,박민식,3,반드시,보수,국민의힘,무관심
955,김예준,남,54,구포3동,배달기사,전문대졸,빌라/연립,일자리,한동훈,4,반드시,중도,없음(첫투표),논리적
956,이옥순,여,65,덕천2동,회사원,중졸,아파트,복지,하정우,5,반드시,진보,기타,적극적
957,김영숙,여,67,만덕2동,경비원,고졸,단독주택,복지,하정우,4,반드시,진보,민주당,소극적
958,정옥순,여,83,덕천1동,엔지니어,고졸,단독주택,안보,하정우,3,반드시,보수,국민의힘,논리적
959,안민준,남,41,구포2동,상인,전문대졸,빌라/연립,교육,미정,1,모름,중도,없음(첫투표),감정적
960,서수진,여,44,덕천2동,은행원,고졸,아파트,교육,미정,1,반드시,진보,민주당,적극적
961,박준호,남,39,구포2동,청소원,대학원졸,아파트,부동산,한동훈,5,반드시,보수,국민의힘,적극적
962,조금순,여,71,구포1동,청소원,전문대졸,아파트,복지,미정,1,반드시,중도,국민의힘,감정적
963,윤경호,남,59,구포3동,일용직,전문대졸,아파트,일자리,하정우,4,아마도,진보,정의당,무관심
964,안유진,여,28,덕천3동,회사원,대졸,아파트,부동산,하정우,5,반드시,중도,민주당,무관심
965,최재호,남,88,구포2동,건설노동자,고졸,빌라/연립,안보,한동훈,4,반드시,중도,기타,무관심
966,강대현,남,44,구포3동,상인,고졸,원룸/고시원,부동산,하정우,4,반드시,진보,정의당,소극적
967,이채원,여,48,만덕2동,무직,대학원졸,단독주택,안보,하정우,5,반드시,중도,국민의힘,소극적
968,정기태,남,59,덕천2동,엔지니어,고졸,빌라/연립,복지,하정우,5,반드시,보수,국민의힘,적극적
969,강서연,여,18,만덕2동,택시기사,고졸,아파트,교육,하정우,3,반드시,진보,조국혁신당,감정적
970,신지영,여,21,구포3동,상인,대졸,원룸/고시원,복지,박민식,4,아마도,중도,국민의힘,논리적
971,최지수,여,35,구포2동,편의점운영,전문대졸,단독주택,부동산,하정우,3,아마도,중도,기타,논리적
972,송경순,여,60,덕천2동,간호사,고졸,아파트,부동산,박민식,4,아마도,중도,민주당,소극적
973,김지훈,남,45,만덕3동,경비원,대졸,빌라/연립,일자리,하정우,4,반드시,진보,민주당,무관심
974,최갑순,여,64,만덕3동,청소원,대졸,단독주택,부동산,한동훈,3,아마도,보수,국민의힘,소극적
975,김용철,남,60,구포3동,편의점운영,고졸,아파트,복지,박민식,3,반드시,중도,개혁신당,감정적
976,최계순,여,57,만덕2동,청소원,전문대졸,단독주택,부동산,하정우,5,아마도,보수,기타,감정적
977,이갑순,여,64,만덕2동,배달기사,고졸,아파트,복지,박민식,4,반드시,보수,기타,감정적
978,박분례,여,75,만덕3동,경비원,대졸,아파트,복지,하정우,5,반드시,진보,민주당,감정적
979,권서연,여,51,구포2동,편의점운영,고졸,아파트,부동산,한동훈,3,반드시,중도,국민의힘,감정적
980,안시우,남,45,만덕3동,택시기사,전문대졸,아파트,부동산,하정우,5,모름,중도,민주당,논리적
981,송지훈,남,36,구포1동,일용직,전문대졸,아파트,일자리,한동훈,3,반드시,중도,개혁신당,논리적
982,장성민,남,19,덕천3동,은행원,전문대졸,아파트,일자리,박민식,4,모름,보수,국민의힘,감정적
983,권수연,여,51,만덕3동,식당주인,중졸,빌라/연립,부동산,한동훈,5,반드시,진보,민주당,적극적
984,최수연,여,41,구포2동,식당주인,대졸,아파트,안보,박민식,5,반드시,보수,국민의힘,적극적
985,류복순,여,69,만덕2동,무직,전문대졸,단독주택,복지,하정우,4,안할것,진보,민주당,적극적
986,정대현,남,34,만덕3동,가사도우미,전문대졸,아파트,복지,하정우,5,반드시,진보,민주당,소극적
987,장수연,여,38,만덕3동,생산직,대학원졸,단독주택,교육,하정우,4,반드시,중도,민주당,무관심
988,전철호,남,61,만덕3동,일용직,전문대졸,단독주택,복지,박민식,4,반드시,중도,없음(첫투표),무관심
989,이도윤,남,54,만덕3동,무직,대졸,아파트,일자리,미정,1,안할것,중도,기타,소극적
990,김진수,남,38,구포3동,자영업자,대졸,아파트,안보,한동훈,5,반드시,보수,기타,논리적
991,황학수,남,79,덕천3동,공무원,고졸,아파트,안보,박민식,4,안할것,보수,국민의힘,감정적
992,한예준,남,49,구포2동,편의점운영,고졸,빌라/연립,복지,박민식,4,반드시,보수,국민의힘,무관심
993,서태호,남,24,만덕2동,청소원,대졸,단독주택,일자리,한동훈,4,반드시,중도,없음(첫투표),무관심
994,장영호,남,87,만덕2동,자영업자,전문대졸,단독주택,안보,한동훈,5,반드시,보수,국민의힘,감정적
995,윤예준,남,51,만덕2동,자영업자,대졸,빌라/연립,복지,하정우,5,반드시,진보,민주당,논리적
996,한영숙,여,56,구포2동,청소원,전문대졸,아파트,일자리,박민식,5,아마도,중도,민주당,감정적
997,임건우,남,43,만덕3동,무직,대졸,빌라/연립,부동산,하정우,3,아마도,보수,민주당,적극적
998,장하은,여,18,덕천2동,전문직,대졸,아파트,교육,하정우,5,모름,진보,민주당,무관심
999,이길동,남,66,만덕3동,생산직,고졸,아파트,안보,한동훈,4,아마도,보수,국민의힘,적극적
1000,전진수,남,52,구포1동,무직,대졸,아파트,복지,하정우,3,아마도,진보,기타,적극적